-- phpMyAdmin SQL Dump
-- version 5.0.1
-- https://www.phpmyadmin.net/
--
-- Máy chủ: 127.0.0.1
-- Thời gian đã tạo: Th4 25, 2020 lúc 04:56 PM
-- Phiên bản máy phục vụ: 10.4.11-MariaDB
-- Phiên bản PHP: 7.4.3

SET SQL_MODE = "NO_AUTO_VALUE_ON_ZERO";
SET AUTOCOMMIT = 0;
START TRANSACTION;
SET time_zone = "+00:00";


/*!40101 SET @OLD_CHARACTER_SET_CLIENT=@@CHARACTER_SET_CLIENT */;
/*!40101 SET @OLD_CHARACTER_SET_RESULTS=@@CHARACTER_SET_RESULTS */;
/*!40101 SET @OLD_COLLATION_CONNECTION=@@COLLATION_CONNECTION */;
/*!40101 SET NAMES utf8mb4 */;

--
-- Cơ sở dữ liệu: `cnpm`
--

-- --------------------------------------------------------

--
-- Cấu trúc bảng cho bảng `admin`
--

CREATE TABLE `admin` (
  `id` int(10) UNSIGNED NOT NULL,
  `username` varchar(20) COLLATE utf8_unicode_ci NOT NULL,
  `password` varchar(32) COLLATE utf8_unicode_ci NOT NULL,
  `mobile` int(15) DEFAULT NULL,
  `email` varchar(40) COLLATE utf8_unicode_ci NOT NULL,
  `addressr` varchar(40) COLLATE utf8_unicode_ci DEFAULT NULL,
  `status` tinyint(1) NOT NULL DEFAULT 1,
  `created_at` timestamp NULL DEFAULT NULL,
  `updated_at` timestamp NULL DEFAULT NULL
) ENGINE=InnoDB DEFAULT CHARSET=utf8 COLLATE=utf8_unicode_ci;

--
-- Đang đổ dữ liệu cho bảng `admin`
--

INSERT INTO `admin` (`id`, `username`, `password`, `mobile`, `email`, `addressr`, `status`, `created_at`, `updated_at`) VALUES
(2, 'lecuong', '25f9e794323b453885f5181f1b624d0b', 0, 'hhihi@gmail.com', 'phu cu', 1, NULL, '2020-04-25 07:24:49');

-- --------------------------------------------------------

--
-- Cấu trúc bảng cho bảng `banners`
--

CREATE TABLE `banners` (
  `id` int(10) UNSIGNED NOT NULL,
  `title` varchar(255) CHARACTER SET utf8 COLLATE utf8_unicode_ci NOT NULL,
  `slug` varchar(255) COLLATE utf8mb4_unicode_ci NOT NULL,
  `image` varchar(255) COLLATE utf8mb4_unicode_ci DEFAULT NULL,
  `url` varchar(255) COLLATE utf8mb4_unicode_ci DEFAULT NULL,
  `target` int(10) UNSIGNED DEFAULT NULL,
  `description` text CHARACTER SET utf8 COLLATE utf8_unicode_ci DEFAULT NULL,
  `type` int(10) UNSIGNED NOT NULL DEFAULT 0,
  `position` int(10) UNSIGNED NOT NULL DEFAULT 0,
  `is_active` int(10) UNSIGNED NOT NULL DEFAULT 1,
  `created_at` timestamp NULL DEFAULT NULL,
  `updated_at` timestamp NULL DEFAULT NULL
) ENGINE=InnoDB DEFAULT CHARSET=utf8mb4 COLLATE=utf8mb4_unicode_ci;

--
-- Đang đổ dữ liệu cho bảng `banners`
--

INSERT INTO `banners` (`id`, `title`, `slug`, `image`, `url`, `target`, `description`, `type`, `position`, `is_active`, `created_at`, `updated_at`) VALUES
(2, 'qc1', 'qc1', 'uploads/banner/1587611607_slideT1.jpg', 'gg.lo', 1, NULL, 1, 2, 1, '2020-04-14 07:57:40', '2020-04-22 20:13:27'),
(3, 'qc2', 'qc2', 'uploads/banner/1587611619_slideT2.jpg', 'dsa.com', 1, NULL, 1, 2, 1, '2020-04-14 08:48:08', '2020-04-22 20:13:39'),
(6, 'phongchongcorona1', 'phongchongcorona1', 'uploads/banner/1587611629_slideT3.jpg', 'gg.net', 1, NULL, 1, 2, 1, '2020-04-14 08:48:54', '2020-04-22 20:13:49'),
(7, 'phongchongcorona2', 'phongchongcorona2', 'uploads/banner/1587611643_slideT4.jpg', NULL, 1, NULL, 1, 2, 1, '2020-04-21 00:51:21', '2020-04-22 20:14:03'),
(8, 'qc3', 'qc3', 'uploads/banner/1587455923_bNmlDu9ptt.jpg', NULL, 1, NULL, 1, 1, 1, '2020-04-21 00:58:43', '2020-04-21 00:59:44'),
(9, 'qc4', 'qc4', 'uploads/banner/1587455944_gia-xe-mercedes-benz-a-class-2019-2020-muaxegiatot-com.jpg', NULL, 1, NULL, 1, 1, 1, '2020-04-21 00:59:04', '2020-04-21 00:59:51');

-- --------------------------------------------------------

--
-- Cấu trúc bảng cho bảng `categories`
--

CREATE TABLE `categories` (
  `id` int(11) UNSIGNED NOT NULL,
  `name` varchar(255) COLLATE utf8mb4_unicode_ci NOT NULL,
  `slug` varchar(255) COLLATE utf8mb4_unicode_ci NOT NULL,
  `image` varchar(255) COLLATE utf8mb4_unicode_ci DEFAULT NULL,
  `parent_id` int(10) UNSIGNED DEFAULT NULL,
  `position` int(10) UNSIGNED NOT NULL DEFAULT 0,
  `is_active` int(10) UNSIGNED NOT NULL DEFAULT 1,
  `created_at` timestamp NULL DEFAULT NULL,
  `updated_at` timestamp NULL DEFAULT NULL
) ENGINE=InnoDB DEFAULT CHARSET=utf8mb4 COLLATE=utf8mb4_unicode_ci;

--
-- Đang đổ dữ liệu cho bảng `categories`
--

INSERT INTO `categories` (`id`, `name`, `slug`, `image`, `parent_id`, `position`, `is_active`, `created_at`, `updated_at`) VALUES
(7, 'Thể Thao', 'thethao', 'uploads/category/1587134906_Tin Thể Thao.png', 0, 1, 1, '2020-04-17 07:48:26', '2020-04-17 07:48:26'),
(8, 'Giáo Dục', 'giaoduc', 'uploads/category/1587135549_giáo dục.jpg', 0, 1, 1, '2020-04-17 07:59:09', '2020-04-17 07:59:09'),
(9, 'Thời Sự', 'thoisu', 'uploads/category/1587135639_thời sự.jpg', 0, 1, 1, '2020-04-17 08:00:39', '2020-04-17 08:00:39'),
(10, 'Văn Hóa', 'vanhoa', 'uploads/category/1587135694_Văn hóa.jpg', 0, 1, 1, '2020-04-17 08:01:34', '2020-04-17 08:01:34'),
(11, 'ESport', 'esport', 'uploads/category/1587136478_game logo.jpg', 0, 1, 1, '2020-04-17 08:14:38', '2020-04-17 08:14:38');

-- --------------------------------------------------------

--
-- Cấu trúc bảng cho bảng `migrations`
--

CREATE TABLE `migrations` (
  `id` int(10) UNSIGNED NOT NULL,
  `migration` varchar(255) COLLATE utf8mb4_unicode_ci NOT NULL,
  `batch` int(11) NOT NULL
) ENGINE=InnoDB DEFAULT CHARSET=utf8mb4 COLLATE=utf8mb4_unicode_ci;

--
-- Đang đổ dữ liệu cho bảng `migrations`
--

INSERT INTO `migrations` (`id`, `migration`, `batch`) VALUES
(1, '2014_10_12_000000_create_users_table', 1),
(2, '2019_08_19_000000_create_failed_jobs_table', 1),
(3, '2020_03_13_122906_create_categories_table', 1),
(4, '2020_03_13_123412_create_banners_table', 2),
(5, '2020_03_17_073952_create_news_table', 3);

-- --------------------------------------------------------

--
-- Cấu trúc bảng cho bảng `news`
--

CREATE TABLE `news` (
  `id` bigint(20) UNSIGNED NOT NULL,
  `name` varchar(255) COLLATE utf8mb4_unicode_ci NOT NULL,
  `slug` varchar(255) COLLATE utf8mb4_unicode_ci NOT NULL,
  `image` varchar(255) COLLATE utf8mb4_unicode_ci DEFAULT NULL,
  `is_hot` int(11) NOT NULL DEFAULT 1,
  `is_active` int(11) NOT NULL DEFAULT 1,
  `views` int(11) NOT NULL DEFAULT 0,
  `category_id` int(11) UNSIGNED NOT NULL,
  `url` varchar(255) COLLATE utf8mb4_unicode_ci DEFAULT NULL,
  `content` text COLLATE utf8mb4_unicode_ci DEFAULT NULL,
  `meta_title` varchar(255) COLLATE utf8mb4_unicode_ci DEFAULT NULL,
  `meta_description` text COLLATE utf8mb4_unicode_ci DEFAULT NULL,
  `user_id` int(11) NOT NULL DEFAULT 0,
  `created_at` timestamp NULL DEFAULT NULL,
  `updated_at` timestamp NULL DEFAULT NULL
) ENGINE=InnoDB DEFAULT CHARSET=utf8mb4 COLLATE=utf8mb4_unicode_ci;

--
-- Đang đổ dữ liệu cho bảng `news`
--

INSERT INTO `news` (`id`, `name`, `slug`, `image`, `is_hot`, `is_active`, `views`, `category_id`, `url`, `content`, `meta_title`, `meta_description`, `user_id`, `created_at`, `updated_at`) VALUES
(7, 'Nigeria lỡ trận tứ kết World Cup 1998 do… tình dục quá sức', 'nigeria-lo-tran-tu-ket-world-cup-1998-do-tinh-duc-qua-suc', 'uploads/news/1587143767_bongda1.png', 1, 1, 0, 7, 'gg.lo', 'Nigeria là một cường quốc hàng đầu của bóng đá châu Phi. Năm 1994, ‘Đại bàng xanh’ lần đầu tiên tham dự sân chơi lớn nhất thế giới là World Cup. Trên đất Mỹ năm ấy, Nigeria nằm ở bảng D cùng với Bulgaria, Argentina và Hy Lạp.\r\nThể hiện phong độ tuyệt vời, những chiến binh đến từ châu Phi đã đánh bại Bulgaria, Hy Lạp và chỉ để thua Argentina với tỷ số sít sao 1-2 để vào vòng 1/16 gặp đối thủ Ý.\r\nBàn thắng ở phút thứ 26 của Amunike thắp lên hy vọng đi tiếp cho đại diện châu Phi nhưng bàn thắng gỡ hoà muộn ở phút 89 của Roberto Baggio đã đưa hai đội đến với hiệp phụ. Ở phút thứ 101, tiếp tục là Roberto Baggio đặt dấu chấm hết cho những nỗ lực của Nigeria trong lần đầu tiên họ tham dự World Cup.', 'Nigeria lỡ trận tứ kết World Cup 1998', 'Nigeria là một cường quốc hàng đầu của bóng đá châu Phi. Năm 1994, ‘Đại bàng xanh’ lần đầu tiên tham dự sân chơi lớn nhất thế giới là World Cup. Trên đất Mỹ năm ấy, Nigeria nằm ở bảng D cùng với Bulgaria, Argentina và Hy Lạp.', 0, '2020-04-17 10:16:07', '2020-04-17 10:16:07'),
(8, 'Học sinh TP.HCM tiếp tục nghỉ học đến ngày 3.5', 'hoc-sinh-tphcm-tiep-tuc-nghi-hoc-den-ngay-35', 'uploads/news/1587143881_giaoduc1.jpg', 1, 1, 0, 8, 'gg.lo', 'Ngày 17.4, Văn phòng UBND TP.HCM thông báo về việc kéo dài thời gian nghỉ học đối với học sinh, sinh viên các trường TC, CĐ chuyên nghiệp do ảnh hưởng của dịch Covid-19. \r\n\r\nTheo báo cáo nhanh của văn phòng UBND TP.HCM về tình hình dịch bệnh Covid-19: Thành phố đã ban hành văn bản tiếp tục kéo dài thời gian nghỉ học của học sinh, sinh viên đến ngày 3.5. \r\nTrong thời gian học sinh tạm nghỉ học do ảnh hưởng của dịch Covid-19, TP.HCM triển khai các bài giảng tiếp nối kiến thức học kỳ 2 trên truyền hình dành cho học sinh lớp 9 và lớp 12.', 'Học sinh TP.HCM tiếp tục nghỉ học đến ngày 3.5', 'Ngày 17.4, Văn phòng UBND TP.HCM thông báo về việc kéo dài thời gian nghỉ học đối với học sinh, sinh viên các trường TC, CĐ chuyên nghiệp do ảnh hưởng của dịch Covid-19.', 0, '2020-04-17 10:18:02', '2020-04-17 10:18:02'),
(9, 'Bệnh nhân Covid-19 thứ 22 tái dương tính lại… âm tính sau khi về Anh', 'benh-nhan-covid-19-thu-22-tai-duong-tinh-lai-am-tinh-sau-khi-ve-anh', 'uploads/news/1587143989_thoisu1.jpg', 1, 1, 0, 9, NULL, 'Ngày 17.4, bác sĩ Tôn Thất Thạnh, Giám đốc Trung tâm Kiểm soát bệnh tật (CDC) TP.Đà Nẵng, cho biết vừa nhận thông tin về kết quả xét nghiệm của bệnh nhân người Anh, bệnh nhân Covid-19 số 22 ở Việt Nam và là bệnh nhân Covid-19 đầu tiên tại Đà Nẵng. Kết quả bệnh nhân cung cấp khi xét nghiệm tại Anh cho thấy âm tính với SARS-CoV-2.\r\nCụ thể, vào ngày 14.4, sau khi bệnh nhân về nước đã lấy mẫu bệnh phẩm (dịch ngoáy họng) tại Bệnh viện Royal Surrey (Anh) để xét nghiệm SARS-CoV-2. Một ngày sau đó, kết quả cho thấy bệnh nhân này âm tính với SARS-CoV-2.\r\nTrước đó, ngày 2.3, bệnh nhân đi từ Hà Nội vào Đà Nẵng du lịch. Ngày 8.3, bệnh nhân được CDC Đà Nẵng thực hiện xét nghiệm và cho kết quả dương tính với SARS-CoV-2. Bệnh nhân được chuyển đến Bệnh viện Đà Nẵng theo dõi điều trị. Bệnh nhân ra viện ngày 27.3 sau 3 lần liên tục có kết quả xét nghiệm âm tính với chủng virus này.', 'Bệnh nhân Covid-19 thứ 22 tái dương tính lại', 'Ngày 17.4, bác sĩ Tôn Thất Thạnh, Giám đốc Trung tâm Kiểm soát bệnh tật (CDC) TP.Đà Nẵng, cho biết vừa nhận thông tin về kết quả xét nghiệm của bệnh nhân người Anh, bệnh nhân Covid-19 số 22 ở Việt Nam và là bệnh nhân Covid-19 đầu tiên tại Đà Nẵng.', 0, '2020-04-17 10:19:07', '2020-04-17 10:19:49'),
(10, 'Tượng sáp ‘thảm họa’ của Trấn Thành gây sốc cộng đồng mạng', 'tuong-sap-tham-hoa-cua-tran-thanh-gay-soc-cong-dong-mang', 'uploads/news/1587144062_vanhoa1.jpg', 1, 1, 0, 10, 'gg.lo', 'Mặc dù trình làng đã khá lâu, tuy nhiên, loạt tượng sáp mô phỏng nghệ sĩ Trấn Thành vẫn gây bất ngờ cho khán giả khi được chia sẻ lại. Trong đó, những bức ảnh này gây sốc với dáng vẻ cứng đờ, thiếu sức sống. Ngoài điệu cười nhếch mép đặc trưng của Trấn Thành, các đường nét trên gương mặt được cho là chưa sát với tỷ lệ gốc.\r\nDù xuất hiện với 2 phiên bản khác nhau, nhưng tượng sáp của danh hài này không được đánh giá cao vì nhiều chi tiết không giống như bản gốc. Được biết, tượng sáp này được chế tác vào năm 2017, xuất hiện tại một sự kiện trưng bày tượng sáp của nhiều nghệ sĩ Việt tại Nhà hát Hòa Bình, TP.HCM.', 'Tượng sáp ‘thảm họa’ của Trấn Thành', 'Dù xuất hiện với 2 phiên bản khác nhau, nhưng tượng sáp của danh hài này không được đánh giá cao vì nhiều chi tiết không giống như bản gốc.', 0, '2020-04-17 10:21:03', '2020-04-17 10:21:03'),
(11, 'Crytek vô tình hé lộ Crysis Remastered', 'crytek-vo-tinh-he-lo-crysis-remastered', 'uploads/news/1587144138_game1.jpg', 1, 1, 0, 11, 'gg.lo', 'Vào năm 2007, cộng đồng game thủ toàn cầu đã được một phen dậy sóng khi Crytek (đơn vị trực tiếp phát triển Far Cry phần đầu tiên) trình làng Crysis. Lý do chủ yếu đến từ việc cơ chế đồ họa, vật lý các hiệu ứng mãn nhãn trong Crysis dường như... đến từ tương lai, vượt trội hơn hẳn các tựa game cùng thời điểm. Cũng vì lý do này, nhiều người đã gọi Crysis là \"sát thủ phần cứng\" hàng đầu của ngành công nghiệp game thời bấy giờ. Cũng nhờ Crysis, bộ engine CryEngine mà Crytek sử dụng để phát triển game đã trở nên nổi tiếng toàn cầu.', 'Crytek vô tình hé lộ Crysis Remastered', 'Vào năm 2007, cộng đồng game thủ toàn cầu đã được một phen dậy sóng khi Crytek (đơn vị trực tiếp phát triển Far Cry phần đầu tiên) trình làng Crysis', 0, '2020-04-17 10:22:18', '2020-04-17 10:22:18'),
(12, 'David Beckham chê Cristiano Ronaldo không bằng Messi', 'david-beckham-che-cristiano-ronaldo-khong-bang-messi', 'uploads/news/1587283914_thethao2.jpg', 1, 1, 0, 7, 'gg.lo', 'Cựu danh thủ David Beckham đã tham gia cuộc tranh luận chưa có hồi kết giữa Cristiano Ronaldo và Messi xem ai hơn ai.\r\nMới đây, danh thủ người Anh đã đưa ra quan điểm của mình khi trả lời phỏng vấn hãng thông tấn ở Argentina, Telam: “Messi là độc nhất trong lứa cầu thủ cùng thời với cậu ấy. Gần như không có ai có thể so sánh lại với Messi. Là cầu thủ, cũng không có ai được như cậu ấy cả”.\r\nCũng theo David Beckham: “Messi vượt trội đẳng cấp so với tất cả lớp cầu thủ hiện nay. Như Cristiano Ronaldo, tôi nghĩ cầu thủ này chưa đạt được tầm như của Messi.', 'David Beckham chê Cristiano Ronaldo không bằng Messi', 'Cựu danh thủ David Beckham đã tham gia cuộc tranh luận chưa có hồi kết giữa Cristiano Ronaldo và Messi xem ai hơn ai.', 0, '2020-04-19 01:11:54', '2020-04-19 01:11:54'),
(13, 'WHO ca ngợi nỗ lực chống Covid-19 của Việt Nam', 'who-ca-ngoi-no-luc-chong-covid-19-cua-viet-nam', 'uploads/news/1587456287_2-1587454984-9636-1587455021.jpg', 1, 1, 0, 9, NULL, 'Việt Nam ứng phó hiệu quả với Covid-19 nhờ sự chỉ đạo quyết liệt của chính phủ và tinh thần hợp tác của người dân, theo Giám đốc Tây Thái Bình Dương của WHO.\r\n\r\n\"Việt Nam đã cho thấy khả năng lãnh đạo quyết liệt của chính phủ trong việc thực thi các biện pháp ngăn chặn sự lây lan của Covid-19\", Giám đốc khu vực Tây Thái Bình Dương của Tổ chức Y tế Thế giới (WHO) Takeshi Kasai nói tại cuộc họp báo thường kỳ hôm nay.\r\n\r\nTheo ông Kasai, sự chỉ đạo mạnh mẽ của chính phủ đã giúp Việt Nam trở thành một trong những quốc gia đứng đầu trong nỗ lực kiểm soát lây nhiễm nCoV.\r\nÔng cũng đánh giá cao sự hợp tác của người dân Việt Nam trong cuộc chiến chống Covid-19, khẳng định chính ý thức kỷ luật của người dân trong việc tuân thủ các quy tắc xã hội để giảm lây nhiễm cũng đã phát huy hiệu quả trong cuộc chiến chống dịch bệnh chết người này.\r\n\r\nViệt Nam hiện chỉ phát hiện 268 ca nhiễm nCoV, không có thêm ca nào trong 4 ngày qua, và không ghi nhận ca tử vong nào. Số liệu này ít hơn nhiều so với phần lớn các nước Đông Nam Á và nhiều quốc gia trên thế giới. 216 người nhiễm nCoV ở Việt Nam đã hồi phục và 52 người đang được điều trị.\r\n\r\nVề Singapore, vùng dịch lớn nhất Đông Nam Á với hơn 9.000 ca nhiễm, ông Kasai đánh giá quốc gia này đang đối mặt với những thách thức rất khó khăn khi các ca nhiễm tăng nhanh. Tuy nhiên, ông cho rằng Singapore có hệ thống y tế tốt, năng lực giải quyết rủi ro cao và có kinh nghiệm ứng phó sự bùng phát dịch bệnh nên sẽ đối phó được Covid-19. \r\n\r\nCovid-19 đã xuất hiện tại 210 quốc gia, vùng lãnh thổ, khiến gần 2,5 triệu người nhiễm và hơn 170.000 người tử vong. Dịch bệnh gây thiệt hại nặng nề về người, hệ thống y tế và tàn phá nền kinh tế thế giới, đặc biệt ở Mỹ và các nước châu Âu.', 'Việt Nam ứng phó hiệu quả với Covid-19 nhờ sự chỉ đạo quyết liệt của chính phủ và tinh thần hợp tác của người dân, theo Giám đốc Tây Thái Bình Dương của WHO.', 'Việt Nam ứng phó hiệu quả với Covid-19 nhờ sự chỉ đạo quyết liệt của chính phủ và tinh thần hợp tác của người dân, theo Giám đốc Tây Thái Bình Dương của WHO.', 0, '2020-04-21 01:04:47', '2020-04-21 01:04:47'),
(14, 'Học sinh Thanh Hóa trở lại trường', 'hoc-sinh-thanh-hoa-tro-lai-truong', 'uploads/news/1587456443_HS-4-3401-1587445084.jpg', 1, 1, 0, 8, NULL, 'Sáng 21/4, hơn 280.000 học sinh THCS, THPT ở Thanh Hóa đi học trở lại. Nhiều em không chấp hành quy định đeo khẩu trang, vẫn túm tụm nói chuyện. \r\n\r\nThanh Hóa là tỉnh thứ ba cả nước cho học sinh đi học trở lại, sau Cà Mau, Thái Bình. Từ 6h30, học sinh trường THPT Tô Hiến Thành, TP Thanh Hóa, bắt đầu đến trường. Một tổ giáo viên đứng ở cổng đo thân nhiệt, nhắc nhở học sinh đeo khẩu trang trong suốt quá trình ở trường và rửa tay sát khuẩn trước khi vào lớp.\r\n\r\nNhiều học sinh quên khẩu trang, hoặc cất trong balo được yêu cầu quay về nhà lấy, hoặc tự đi mua ở các cửa hàng bên ngoài phố Lê Lai. \"Em dậy muộn, vội quá nên quên\", một nam sinh giải thích.\r\n7h, khi sắp đến giờ học, do số học sinh đến cùng lúc quá đông, việc đo thân nhiệt chỉ thực hiện ngắt quãng. Đại diện Ban giám hiệu giải thích trường chỉ có 5 máy đo thân nhiệt, trong khi có tới 930 học sinh nên không thể đo kịp. Việc kiểm tra thân nhiệt sẽ được thực hiện tiếp khi các em vào lớp.\r\n\r\nTại các lớp khối 10 và 11, ngay khi vào lớp, nhiều học sinh tháo khẩu trang, ngồi tụm năm tụm ba, bá vai bá cổ nói chuyện rôm rả. Chỉ khi có giáo viên và Ban nề nếp đi nhắc nhở, các em mới đeo lại.\r\n\r\nHiệu trưởng trường THPT Tô Hiến Thành, bà Nguyễn Thị Lệ cho rằng \"không thể tránh khỏi một số em hiếu động, đối phó...\". Việc đeo khẩu trang suốt buổi học cũng khiến học trò cảm thấy khó chịu, nhưng nhà trường cam kết thực hiện nghiêm túc khuyến cáo trong những buổi học tới.\r\n\r\nVề việc thực hiện giãn cách an toàn 1,5-2 m giữa các học sinh, trường THPT Tô Hiến Thành không thể thực hiện do sĩ số đông (33-45 em mỗi lớp). Tại các lớp học 11C1, 11C2..., các dãy bàn được kê san sát nhau, mối bàn có 3-4 em.\r\n\r\nHiệu trưởng Lệ cho hay chưa nhận được chỉ đạo của Sở Giáo dục và Đào tạo Thanh Hóa về việc phân chia sĩ số để học thêm buổi, nhưng \"sắp tới sẽ đề xuất, xin ý kiến cấp trên thực hiện nếu có thể\".', 'Học sinh Thanh Hóa trở lại trường', 'Sáng 21/4, hơn 280.000 học sinh THCS, THPT ở Thanh Hóa đi học trở lại. Nhiều em không chấp hành quy định đeo khẩu trang, vẫn túm tụm nói chuyện.', 0, '2020-04-21 01:07:23', '2020-04-21 01:07:23'),
(15, 'Hà Nội rà soát người hưởng hỗ trợ từ gói 62.000 tỷ đồng', 'ha-noi-ra-soat-nguoi-huong-ho-tro-tu-goi-62000-ty-dong', 'uploads/news/1587456626_DSC01734-JPG-6260-1587379129.jpg', 1, 1, 0, 9, NULL, 'Cán bộ tổ dân phố gõ cửa từng nhà để rà soát, lên danh sách người được hưởng trợ cấp an sinh xã hội, trong đó tập trung vào người mất việc làm.\r\n\r\nChiều 20/4, 8 cán bộ trong tổ dân phố Ngọa Long 2 thuộc phường Minh Khai (quận Bắc Từ Liêm) chia làm bốn nhóm đi rà soát hộ gia đình trên địa bàn, để lên danh sách người được nhận trợ cấp do ảnh hưởng của Covid-19.\r\n\r\nTừ cuối tuần trước, Sở Lao động Thương binh và Xã hội Hà Nội đã đề nghị Ban quản lý khu công nghiệp, khu chế xuất, UBND các quận, huyện rà soát những trường hợp trong diện hưởng chính sách an sinh xã hội theo nghị quyết số 42 của Chính phủ (gói 62.000 tỷ đồng); hạn chót nộp danh sách từ phường lên quận 20/4, từ quận lên thành phố là 21/4.\r\n\r\nCông việc trên được các quận, huyện triển khai về từng tổ dân phố. Tại nhà chị Đinh Thị Thắm (33 tuổi), cán bộ tổ dân phố Ngọa Long 2 đề nghị chị cung cấp thông tin cá nhân để điền vào biểu mẫu in sẵn. Ở mục ngành nghề, chị Thắm kê khai \"bán hàng rong\" và thuộc nhóm được nhận hỗ trợ.\r\nNhóm cán bộ tổ dân phố đang trên đường đến các hộ dân tiếp theo thì gặp ông Nguyễn Văn Vân (61 tuổi). Ông Vân mang theo chứng minh thư và đề nghị được đưa vào danh sách hưởng trợ cấp, tuy nhiên bị từ chối vì ngành nghề không nằm trong biểu mẫu.\r\n\r\nÔng Vân trình bày gia đình gồm 11 người đều làm ruộng, ngoài ra xây một dãy trọ để kiếm thêm thu nhập. \"Hiện nay đồng ruộng không cày cấy được, còn nhà trọ không có người ở nên gia đình tôi rất khó khăn\", ông Vân nói.\r\n\r\nBà Nguyễn Thị Mùi - Tổ trưởng dân phố Ngoạ Long 2, trả lời ông Vân hoàn cảnh khó khăn nhưng ngành nghề lại không thuộc danh mục được hỗ trợ.\r\n\r\n\"Biểu mẫu cấp trên giao xuống gồm các mục: Bán hàng rong, bán hàng trên xe đẩy không có địa điểm cố định; thu gom rác phế liệu; bốc vác; lái xe môtô hai bánh chở khách, xích lô; bán lẻ vé số; làm việc tại các hộ kinh doanh ăn uống, du lịch, làm đẹp giải trí\", bà Mùi nói và và khẳng định trong biểu mẫu không có nghề làm ruộng hoặc cho thuê nhà.', 'Hà Nội rà soát người hưởng hỗ trợ từ gói 62.000 tỷ đồng', 'Chiều 20/4, 8 cán bộ trong tổ dân phố Ngọa Long 2 thuộc phường Minh Khai (quận Bắc Từ Liêm) chia làm bốn nhóm đi rà soát hộ gia đình trên địa bàn, để lên danh sách người được nhận trợ cấp do ảnh hưởng của Covid-19.', 0, '2020-04-21 01:10:26', '2020-04-21 01:10:26'),
(16, 'Hà Nội kiến nghị giảm cách ly xã hội', 'ha-noi-kien-nghi-giam-cach-ly-xa-hoi', 'uploads/news/1587456695_quy-2-JPG-9381-1587380050.jpg', 1, 1, 0, 9, NULL, 'Thành phố Hà Nội kiến nghị Chính phủ cho thực hiện giãn cách xã hội theo tinh thần chỉ thị 15 thay vì chỉ thị 16, từ ngày 23/4.\r\n\r\nÔng Ngô Văn Quý - Phó chủ tịch UBND TP Hà Nội, nêu đề xuất trên tại cuộc họp Thường trực Chính phủ về phòng chống Covid-19, chiều 20/4.\r\n\r\nTheo đó, nếu đến ngày 22/4, Hà Nội không phát sinh ca nhiễm mới, Covid-19 cơ bản được khống chế, thì từ ngày 23/4 Chính phủ cho phép Hà Nội thực hiện biện pháp được nêu trong chỉ thị 15 thay vì cách ly xã hội như chỉ thị 16 (đang áp dụng). Đề xuất này nhằm thực hiện mục tiêu kép, vừa phát triển kinh tế, vừa đảm bảo an sinh xã hội.\r\n\r\nÔng Ngô Văn Quý cũng đề nghị các bộ, ngành sớm hướng dẫn cụ thể việc đảm bảo an toàn tại các cơ quan, đơn vị, nhà máy, công trường; các loại hình kinh doanh được hoạt động, để địa phương thống nhất thực hiện.\r\nChiều cùng ngày, tại cuộc họp Ban chỉ đạo phòng, chống Covid-19 thành phố, Chủ tịch UBND TP Hà Nội Nguyễn Đức Chung nói đã 7 ngày Hà Nội không ghi nhận ca dương tính mới (từ ngày 14/4 đến nay). \"Thành phố đang làm chủ tình hình, các ổ dịch được xử lý quyết liệt\", ông nói.  \r\n\r\nTheo ông, nếu những ngày tới không ghi nhận ca dương tính mới và quy định giãn cách xã hội được nới lỏng sau 22/4, đây là việc \"hạ mức cảnh báo, nhưng chắc chắn không giải phóng toàn bộ mà sẽ tiến hành từ từ\".\r\n\r\nThành phố vẫn duy trì các biện pháp phòng, chống dịch mạnh mẽ với vùng nguy cơ cao (khu vực có ổ dịch) và hoạt động tập trung đông người.\r\n\r\nÔng Chung nói bài học tại một số quốc gia cho thấy dỡ bỏ các quy định giãn cách xã hội sớm sẽ khiến dịch bùng phát trở lại. Đơn cử Singapore tháng trước được dư luận quốc tế ca ngợi là thành công trong phòng, chống dịch, nhưng hiện đã thành nơi có số ca dương tính đứng đầu Đông Nam Á.\r\n\r\nĐể đảm bảo an toàn, Chủ tịch Hà Nội đề nghị những bệnh nhân điều trị xong phải tiếp tục cách ly 14 ngày tại gia đình, thậm chí \"thành phố khuyến khích cách ly 30 ngày tại nhà\". Các trường hợp F1 và người hết cách ly tập trung phải cách ly 14 ngày tại nhà.', 'Hà Nội kiến nghị giảm cách ly xã hội', 'Thành phố Hà Nội kiến nghị Chính phủ cho thực hiện giãn cách xã hội theo tinh thần chỉ thị 15 thay vì chỉ thị 16, từ ngày 23/', 0, '2020-04-21 01:11:35', '2020-04-21 01:17:13'),
(17, 'TP HCM kiến nghị dừng cách ly xã hội từ 23/4', 'tp-hcm-kien-nghi-dung-cach-ly-xa-hoi-tu-234', 'uploads/news/1587456765_nguye-n-tha-nh-phong-ok-8722-1-7943-8280-1587382844.jpg', 1, 1, 0, 9, NULL, 'TP HCM kiến nghị Chính phủ cho kết thúc thực hiện Chỉ thị 16 về cách ly xã hội từ ngày 23/4 và áp dụng các biện pháp chống Covid-19 theo Chỉ thị 15.\r\n\r\nĐề xuất được Chủ tịch UBND TP HCM Nguyễn Thành Phong đưa ra tại cuộc họp với Chính phủ và 63 tỉnh thành về phòng chống dịch bệnh, chiều 20/4. Căn cứ là, thành phố đã điều trị khỏi 51/54 ca nhiễm nCoV; 17 ngày liên tục không phát hiện ca bệnh mới. Yếu tố mang đến thành công trong công tác phòng chống dịch của TP HCM là thực hiện nghiêm Chỉ thị 16.      \r\n\r\n\"Thành phố kiến nghị Thủ tướng sớm ban hành chỉ thị mới với tinh thần mọi hoạt động phải có quy định an toàn phòng chống dịch\", ông Phong nói.\r\n\r\nNhận định dù không còn ổ dịch trong cộng đồng, song vẫn có nhiều nguy cơ tiềm ẩn, Chủ tịch Nguyễn Thành Phong cho biết TP HCM đã chuẩn bị kỹ các phương án, biện pháp tái khởi động hoạt động kinh tế nhưng vẫn tập trung chống dịch như: tổ chức lực lượng phản ứng nhanh cấp thành phố, 24 đội phản ứng nhanh cấp quận huyện, 322 đội phản ứng nhanh các xã - phường - thị trấn để kiểm tra việc tuân thủ giãn cách xã hội.\r\nThành phố bố trí lực lượng túc trực tại các chợ truyền thống, chợ đầu mối (từ lúc bắt đầu họp đến khi tan chợ) để kiểm tra việc giãn cách xã hội, xử phạt và không cho người không đeo khẩu trang vào chợ.\r\n\r\nBên cạnh đó, thành phố sẽ triển khai những hoạt động đảm bảo an toàn chính trị, an ninh trật tự xã hội; đồng loạt triển khai lực lượng CSGT tại 24 quận huyện để tuần tra việc chấp hành an toàn; kéo dài đợt cao điểm tấn công tội phạm cho tới khi Chính phủ công bố hết dịch.\r\n\r\n\"TP HCM chuẩn bị sẵn mọi điều kiện để đẩy mạnh việc phát triển kinh tế khi hết cách ly xã hội nhằm thực hiện mục tiêu kép. Thành phố cũng đang nghiên cứu mở dần một số hoạt động thiết yếu, ít nguy cơ lây nhiễm gắn với bộ tiêu chí kiểm soát dịch bệnh trong từng ngành, lĩnh vực\", ông Phong nói.\r\n\r\nTrong đó, các ngành kinh doanh ít nguy cơ, có quy mô nhỏ sẽ được thí điểm hoạt động trước, kết quả tốt sẽ nhân rộng. Đối với các ngành có quy mô lớn sẽ thí điểm lâu hơn - trong 30 ngày. Ngoài ra, tùy tình hình diễn biến của dịch bệnh, thành phố sẽ điều chỉnh thời gian thí điểm, nhân rộng và cho phép mở rộng các cơ sở kinh doanh.\r\n\r\nĐể chuẩn bị cho việc học sinh đi học lại vào giữa tháng 5, ông Phong cho biết thành phố đang triển khai bộ tiêu chí an toàn trong trường học, gắn với trách nhiệm của phụ huynh, nhà trường và học sinh cũng như chính quyền địa phương trong việc phòng chống Covid-19.   \r\n\r\n\"Việc này phải đảm bảo nguyên tắc triển khai từng bước an toàn, an tâm thì học sinh mới đi học trở lại\", ông Phong nói.  \r\n\r\nTrước đó, sau cuộc họp hôm 15/4, Thủ tướng Nguyễn Xuân Phúc đồng ý với đề xuất của Ban chỉ đạo phòng chống dịch quốc gia, tiếp tục cách ly xã hội đối với 12 tỉnh thành có nguy cơ lây nhiễm nCoV cao đến hết ngày 22/4 là: TP HCM, Hà Nội, Lào Cai, Quảng Ninh, Bắc Ninh, Ninh Bình, Đà Nẵng, Quảng Nam, Bình Thuận, Khánh Hoà, Tây Ninh, Hà Tĩnh.        \r\n\r\nĐến chiều nay, TP HCM chỉ còn 3 người nhiễm nCoV đang điều trị, 71 người đang được theo dõi tại các khu cách ly tập trung của thành phố và quận huyện; 197 người đang cách ly tại nhà.         \r\n\r\nKhảo sát của VnExpress từ trưa 20/4, có gần 15.000 ý kiến trong tổng số 40.000 ý kiến cho rằng không nên tiếp tục cách ly xã hội sau ngày 22/4 (37%); 17.193 người nói nên giãn cách xã hội hết tháng 4 (44%); còn lại bỏ phiếu cho việc chỉ duy trì biện pháp này đối với Sài Gòn và Hà Nội.', 'TP HCM kiến nghị dừng cách ly xã hội từ 23/4', 'TP HCM kiến nghị Chính phủ cho kết thúc thực hiện Chỉ thị 16 về cách ly xã hội từ ngày 23/4 và áp dụng các biện pháp chống Covid-19 theo Chỉ thị 15.', 0, '2020-04-21 01:12:45', '2020-04-21 01:17:29'),
(18, 'Hàng trăm công an hiến máu', 'hang-tram-cong-an-hien-mau', 'uploads/news/1587456864_DSC-0388-1587364258.jpg', 1, 1, 0, 9, NULL, 'Cán bộ, chiến sĩ được kiểm tra huyết áp và sức khỏe tổng hợp trước khi hiến máu. \r\n\r\nDo tác động của Covid-19, lượng máu dự trữ của các bệnh viện phục vụ cho công tác chữa bệnh hiện ở báo động đỏ, đặc biệt là nhóm máu O, A.\r\nGiám đốc Công an thành phố Hà Nội đã phát động phong trào hiến máu, Đoàn Thanh niên công an thành phố chủ trì, tham mưu đề xuất tổ chức \"Hành trình giọt máu nghĩa tình”. Sáng 20/4, khoảng 500 cán bộ, chiến sĩ đã tham gia.\r\nHoạt động hiến máu cứu người cũng nhằm kỷ niệm 45 năm ngày thống nhất đất nước và 75 năm ngày thành lập lực lượng Công an nhân dân.\r\nTrong 10 ngày (từ 20 đến 29/4) tại 14 điểm ở Hà Nội, gần 6.000 cán bộ chiến sĩ ủng hộ chương trình, dự kiến thu về 5.000 đơn vị máu.\r\nTrung úy Bùi Nguyễn Uyên Nhi (Đội tuần tra dẫn đoàn, Phòng CSGT Hà Nội) chia sẻ, đây là lần đầu tiên đi hiến máu. Có chút hồi hộp, nhưng cô tự hào khi những giọt máu của mình có thể giúp không chỉ đồng chí, đồng đội mà cả những bệnh nhân thực sự cần.', 'Hàng trăm công an hiến máu', 'Các lực lượng tham gia hiến máu tại Trung tâm Huấn luyện và Bồi dưỡng nghiệp vụ Công an TP Hà Nội.', 0, '2020-04-21 01:14:24', '2020-04-21 01:17:02'),
(19, 'Thanh Hóa dừng đón tiếp người từ địa phương khác', 'thanh-hoa-dung-don-tiep-nguoi-tu-dia-phuong-khac', 'uploads/news/1587458102_Phun-tieu-doc-khu-trung-2977-1587288365.jpg', 1, 1, 0, 9, NULL, 'Từ 21h ngày 18/4, cán bộ, công dân từ các tỉnh thành sẽ không được mời, đón tiếp khi đến Thanh Hóa tham dự hoạt động giao lưu kinh tế, văn hóa, thể thao…\r\n\r\nTheo văn bản do Phó chủ tịch UBND tỉnh Phạm Đăng Quyền ký, với những trường hợp đặc biệt, các đơn vị, địa phương phải báo cáo và được Ban chỉ đạo phòng chống Covid-19 của tỉnh đồng ý bằng văn bản. Cơ quan nào vi phạm sẽ bị xử lý kỷ luật. Văn bản không đề cập sẽ áp dụng quy định đến khi nào.  \r\nThanh Hóa sau ngày 15/4 được xếp vào nhóm tỉnh có nguy cơ Covid-19 thấp. Tại cuộc họp Ban chỉ đạo phòng chống Covid-19 tỉnh Thanh Hóa chiều 19/4, Chủ tịch tỉnh Nguyễn Đình Xứng cho phép mở lại các tuyến vận tải hành khách cố định, xe hợp đồng, xe du lịch nội tỉnh, xe buýt, taxi, xe điện bốn bánh từ 0h ngày 20/4.\r\n\r\nChủ phương tiện được yêu cầu khử trùng xe sau mỗi lần đón, trả khách, không chở quá 50% số ghế quy định (đối với xe dưới 40 chỗ ngồi) và không được chở quá 20 khách đối với xe trên 40 chỗ ngồi. Các tuyến vận tải khách liên tỉnh tiếp tục ngừng hoạt động cho đến khi có thông báo mới.\r\n\r\nDịch vụ cắt tóc, gội đầu cũng được hoạt động trở lại từ 0h ngày mai với điều kiện tại một cơ sở và cùng thời điểm phục vụ không quá hai khách. Chủ cơ sở phải ghi chép đầy đủ thông tin cá nhân của khách, thường xuyên khử khuẩn nhà xưởng, thiết bị...\r\n\r\nTừ ngày 24/1 đến 18/4, Thanh Hóa ghi nhận 3 người nhiễm Covid-19, trong đó một người đã khỏi bệnh, hai người đang được điều trị tại các cơ sở y tế, sức khỏe ổn định.\r\n\r\nĐịa phương này có hơn 360 người đang cách ly tập trung và gần 3.900 người trở về từ vùng dịch đang được cách ly tại nơi cư trú.', 'Thanh Hóa dừng đón tiếp người từ địa phương khác', 'Từ 21h ngày 18/4, cán bộ, công dân từ các tỉnh thành sẽ không được mời, đón tiếp khi đến Thanh Hóa tham dự hoạt động giao lưu kinh tế, văn hóa, thể thao…', 0, '2020-04-21 01:16:44', '2020-04-21 01:35:02'),
(20, 'Công nhân metro làm việc trong Covid-19', 'cong-nhan-metro-lam-viec-trong-covid-19', 'uploads/news/1587457151_congnhanmetro-2-1587393894-1587434733.jpg', 1, 1, 0, 9, NULL, 'Ngày 20/4, tại nhà ga trên cao, đoạn gần nhà ga Đại học Quốc gia TP HCM (quận Thủ Đức), các công nhân hối hả làm việc. Trên mặt sàn tuyến metro này, hai tuyến đường ray sắt cơ bản đã hoàn thành, chuẩn bị cho các đoàn tàu chạy thử trong quý 3 năm nay. \r\nNhững ngày này, thời tiết oi bức nên các công nhân phải bảo hộ kỹ càng.\r\n\r\nAnh Bé Tư (quê Sóc Trăng) đội hai mũ, đeo kính đen, bao tay và quấn khăn kín mít mặt để tránh nắng. Mới làm việc được hơn hai tháng, anh Tư phụ trách vệ sinh, đóng cốp pha tuyến đường ray. \"Trước tôi làm phụ hồ theo công trình nên bấp bênh, nay đây mai đó. Giờ làm ở đây thì có việc đều, dịch nhưng cũng không thất nghiệp. Lương tháng cố tiết kiệm có thể xoay xở nuôi cha, chăm vợ và trả tiền nhà trọ\", người đàn ông 30 tuổi nói.', 'Công nhân metro làm việc trong Covid-19', 'Ngày 20/4, tại nhà ga trên cao, đoạn gần nhà ga Đại học Quốc gia TP HCM (quận Thủ Đức), các công nhân hối hả làm việc. Trên mặt sàn tuyến metro này, hai tuyến đường ray sắt cơ bản đã hoàn thành, chuẩn bị cho các đoàn tàu chạy thử trong quý 3 năm nay. \r\nTrước khi vào công trường, tất cả công nhân, kỹ sư đều phải đo thân nhiệt, rửa tay, giữ khoảng cách tối thiểu 2 m.', 0, '2020-04-21 01:19:11', '2020-04-21 01:19:11'),
(21, 'Xét nghiệm nCoV cho công nhân khu chế xuất', 'xet-nghiem-ncov-cho-cong-nhan-khu-che-xuat', 'uploads/news/1587458125_cong-nhan-xet-nghiem-covid-19-29-1587376828-1587379968.jpg', 1, 1, 0, 9, NULL, 'Chiều 20/4, gần 250 công nhân trong khu chế xuất Linh Trung 1 (quận Thủ Đức) tiếp tục được lấy mẫu xét nghiệm sàng lọc Covid-19. Hoạt động diễn ra tại nhà lưu trú nữ của một công ty, do Trung tâm Kiểm soát bệnh tật TP HCM (HCDC) phối hợp cùng Trung tâm y tế quận Thủ Đức thực hiện.\r\nHai ngày trước đó Trung tâm Kiểm soát bệnh tật TP HCM đã lấy mẫu xét nghiệm gần 1.000 công nhân tại đây. Dự kiến việc lấy mẫu sẽ được triển khai trong những ngày tới với khoảng 2.000 công nhân.\r\nCông nhân xếp hàng với khoảng cách 2 m tại cổng, chờ đo thân nhiệt trước khi vào khu lấy mẫu xét nghiệm.\r\n\r\nViệc xét nghiệm là chủ trương của Trung tâm Kiểm soát bệnh tật TP HCM nhằm sàng lọc công nhân trong các khu công nghiệp, khu chế xuất trên địa bàn thành phố để đảm bảo an toàn cho cộng đồng.\r\n\"Tôi sắp xếp nghỉ làm nửa tiếng để đi xét nghiệm. Việc lấy dịch trong mũi, họng hơi khó chịu tí nhưng diễn ra nhanh lắm. Trong khu lưu trú rất nhiều công nhân, hy vọng sớm có kết quả cho an tâm\", nữ công nhân tên Duyên cho biết.', 'Xét nghiệm nCoV cho công nhân khu chế xuất', 'Chiều 20/4, gần 250 công nhân trong khu chế xuất Linh Trung 1 (quận Thủ Đức) tiếp tục được lấy mẫu xét nghiệm sàng lọc Covid-19. Hoạt động diễn ra tại nhà lưu trú nữ của một công ty, do Trung tâm Kiểm soát bệnh tật TP HCM (HCDC) phối hợp cùng Trung tâm y tế quận Thủ Đức thực hiện.', 0, '2020-04-21 01:20:58', '2020-04-21 01:35:25'),
(22, 'WHO cảnh báo cẩn trọng khi dỡ phong tỏa', 'who-canh-bao-can-trong-khi-do-phong-toa', 'uploads/news/1587457549_maxresdefault-1587441161-2243-1587441413.jpg', 1, 1, 0, 9, NULL, 'Tổ chức Y tế Thế giới cho rằng việc nới lỏng hạn chế phải được thực hiện từ từ để tránh nguy cơ tái bùng phát dịch bệnh.\r\n\r\nKhuyến cáo được đưa ra trong buổi họp sáng 21/4. Ông Takeshi Kasai, giám đốc WHO khu vực Tây Thái Bình Dương, nhận định biện pháp giãn cách xã hội đã cho thấy hiệu quả rõ rệt. Người dân làm quen với lệnh hạn chế trong khi nhà chức trách các nước ráo riết giải quyết cuộc khủng hoảng Covid-19 và kiểm soát sự lây lan của virus.    \r\n\r\nSong ông cho rằng quá trình nới lỏng quy định này cần được thực hiện một cách từ từ để tránh dịch bùng phát trở lại.\r\n\r\nTổng giám đốc Kasai nhận định cho đến khi các nhà khoa học phát triển thành công loại vaccine an toàn và hiệu quả, người dân các nước cần học cách thích nghi với dịch bệnh.\r\nNhiều chuyên gia cũng khuyến cáo về \"làn sóng thứ hai\" của Covid-19 nếu nới lỏng lệnh hạn chế, mở cửa lại nền kinh tế. Hồi chuông cảnh báo vang lên mạnh mẽ khi Singapore ghi nhận số ca bệnh tăng đột biến. Virus xuất hiện trở lại trong một khu nhà ở chật chội của hàng nghìn lao động nước ngoài. Vào đầu dịch, quốc gia này từng được ca ngợi về công tác kiểm soát và không chế nCoV. Singapore trở thành ổ dịch mới nhất của Đông Nam Á trong khi tình hình khu vực dần khả quan hơn.    \r\n\r\nThủ tướng Anh Boris Johnson cũng bày tỏ lo ngại đối với việc dỡ bỏ tình trạng phong tỏa. Ông cho rằng cần cẩn trọng với các quyết định ở thời điểm này.\r\n\r\nViệt Nam cũng sẽ nới lỏng từng bước biện pháp giãn cách xã hội, kiểm soát đúng mức để tránh tình trạng chủ quan, theo Thủ tướng Nguyễn Xuân Phúc chiều 20/4 tại cuộc họp Thường trực Chính phủ về phòng, chống Covid-19. Tùy theo diễn biến dịch bệnh, các nhóm địa phương (nguy cơ cao, nguy cơ, nguy cơ thấp) sẽ được xem xét, điều chỉnh; nếu tình hình an toàn nhiều địa phương có thể được hạ thấp nguy cơ. \r\n\r\nTại buổi họp sáng nay, Bộ trưởng Bộ Y tế các nước cũng chia sẻ mối quan tâm đối với những người dễ bị tổn thương nhất bởi đại dịch, cam kết đảm bảo không ai bị bỏ lại phía sau trong cuộc chiến chống lại Covid-19. Các quốc gia thành viên đều thống nhất đây chỉ là một trong rất nhiều thách thức mà hệ thống y tế và xã hội phải đối mặt.    \r\n\r\nThăm dò ý kiến hơn 110.000 lượt độc giả VnExpress, đa số chọn thái độ thận trọng với việc gỡ lệnh hạn chế: 66% ủng hộ cách ly tiếp tục đến hết tháng 4 hoặc ít nhất là tiếp tục với Hà Nội và TP HCM. 34% cho rằng nên ngừng cách ly xã hội ngay sau 22/4. \r\n\r\nTính đến ngày 21/4, toàn thế giới ghi nhận hơn hai triệu ca nhiễm nCoV và 170.000 người tử vong, hơn 647.000 người hồi phục.', 'WHO cảnh báo cẩn trọng khi dỡ phong tỏa', 'Tổ chức Y tế Thế giới cho rằng việc nới lỏng hạn chế phải được thực hiện từ từ để tránh nguy cơ tái bùng phát dịch bệnh.', 0, '2020-04-21 01:25:49', '2020-04-21 01:25:49'),
(23, 'Dự kiến vẫn tổ chức thi THPT quốc gia', 'du-kien-van-to-chuc-thi-thpt-quoc-gia', 'uploads/news/1587457700_HS-4-3401-1587445084.jpg', 1, 1, 0, 8, NULL, 'Kỳ thi THPT quốc gia dự kiến được tổ chức vào ngày 8-11/8 với mục tiêu chính là xét công nhận hoàn thành chương trình giáo dục phổ thông.\r\n\r\nTại cuộc họp sáng 21/4, Bộ Giáo dục và Đào tạo báo cáo Thường trực Chính phủ về phương án tổ chức kỳ thi THPT quốc gia năm 2020. Theo đề xuất của Bộ, nếu dịch bệnh được kiểm soát và học sinh có thể đi học trước ngày 15/6, kỳ thi THPT quốc gia sẽ được tổ chức vào ngày 8-11/8.\r\nCác đại biểu đã thống nhất chọn phương án tổ chức kỳ thi THPT quốc gia nhưng chỉ tập trung vào mục đích chính là xét tốt nghiệp THPT nhằm đánh giá mặt bằng chất lượng học sinh phổ thông cả nước, theo VTV.\r\n\r\nCác địa phương sẽ chịu trách nhiệm về khâu tổ chức thi, coi thi, chấm thi tự luận. Bộ Giáo dục và Đào tạo chịu trách nhiệm ra đề thi, áp dụng công nghệ thông tin để quản lý chặt chẽ bài thi, tiếp tục tổ chức chấm thi trắc nghiệm trên máy tính.\r\n\r\nViệc xét tuyển đại học, các trường sẽ thực hiện quyền tự chủ tuyển sinh theo đúng Luật Giáo dục Đại học.\r\n\r\nTrước đó hôm 14/4, Bộ Giáo dục và Đào tạo trình Chính phủ hai phương án thi THPT quốc gia. Nếu dịch bệnh được kiểm soát và học sinh đến trường trước 15/6, kỳ thi vẫn được tổ chức nhưng xem xét giảm nội dung, môn thi. Ngược lại, trong trường hợp bất khả kháng, kỳ thi có thể không được tổ chức, việc xét tốt nghiệp THPT sẽ giao về cho địa phương.\r\n\r\nMỗi năm có khoảng 900.000 thí sinh dự thi THPT quốc gia để xét tốt nghiệp và xét tuyển đại học. Thí sinh sẽ dự thi ba bài độc lập là Toán, Ngữ văn, Ngoại ngữ và lựa chọn một trong hai bài tổ hợp Khoa học tự nhiên (Lý, Hóa, Sinh), Khoa học xã hội (Sử, Địa, Giáo dục công dân).\r\n\r\nNăm 2019, Bộ trưởng Giáo dục và Đào tạo Phùng Xuân Nhạ đã khẳng định mục tiêu chính của kỳ thi THPT quốc gia là xét tốt nghiệp THPT, kiểm tra nội dung, phương pháp, chất lượng dạy học để từ đó có điều chỉnh.\r\n\r\nNăm nay, học sinh mới học hết tuần 20 (trong 35-37 tuần) thì nghỉ Tết và nghỉ phòng Covid-19. Hiện hầu hết tỉnh, thành cho học sinh nghỉ đến khi có thông báo mới. Bộ Giáo dục và Đào tạo đã hai lần điều chỉnh khung thời gian năm học. Thời điểm kết thúc năm học được lùi đến trước ngày 15/7, thi THPT quốc gia ngày 8-11/8, chậm một tháng rưỡi so với mọi năm.  \r\n\r\nNhiều đại học đã lên phương án tổ chức kỳ thi tuyển sinh riêng nếu kỳ thi THPT quốc gia không được tổ chức, như: Quốc gia Hà Nội, Ngoại thương, Kinh tế quốc dân, Hàng hải.', 'Dự kiến vẫn tổ chức thi THPT quốc gia', 'Kỳ thi THPT quốc gia dự kiến được tổ chức vào ngày 8-11/8 với mục tiêu chính là xét công nhận hoàn thành chương trình giáo dục phổ thông.\r\n\r\nTại cuộc họp sáng 21/4, Bộ Giáo dục và Đào tạo báo cáo Thường trực Chính phủ về phương án tổ chức kỳ thi THPT quốc gia năm 2020. Theo đề xuất của Bộ, nếu dịch bệnh được kiểm soát và học sinh có thể đi học trước ngày 15/6, kỳ thi THPT quốc gia sẽ được tổ chức vào ngày 8-11/8.', 0, '2020-04-21 01:28:20', '2020-04-21 01:28:20'),
(24, 'Học sinh vùng cao lo quên kiến thức vì nghỉ lâu', 'hoc-sinh-vung-cao-lo-quen-kien-thuc-vi-nghi-lau', 'uploads/news/1587457770_Dang-Thi-Minh-Tuyen-JPG-9253-1587431038.jpg', 1, 1, 0, 8, NULL, 'Học sinh ở xã miền núi Mỹ Thạnh, huyện Hàm Thuận Nam sống biệt lập trong rừng, khó tiếp cận bài giảng qua mạng, dễ quên bài. \r\n\r\nTừ ngày nghỉ học tránh dịch, Trần Hàng Thái Tú, 15 tuổi, lên rẫy cùng cha. Tú là học sinh lớp 8, trường Trung học nội trú huyện Hàm Thuận Nam, cách nhà hơn 30 km. Gần ba tháng qua, em không quay lại trường.\r\nTuần trước, nhiều trường trung học đã triển khai học qua Internet. Tuy nhiên, trường của Tú chưa tổ chức. Và nếu có, thì Tú và bạn bè vùng cao như ở Mỹ Thạnh cũng khó thực hiện, vì sóng 3G rất yếu do ở trong rừng, phần lớn gia đình kinh tế khó khăn nên cũng không có laptop hoặc điện thoại để học.\r\n\r\n\"Em mong được đến trường trở lại. Ở nhà, không có bạn, không có thầy hướng dẫn, em rất khó ôn bài. Những bài toán khó, em không biết hỏi ai. Nghỉ lâu quá, em quên hết\", Tú nói.\r\n\r\nNhà Đặng Thị Mỹ Tuyên, học sinh lớp 11, trường Dân tộc nội trú Bình Thuận, khá hơn các bạn. Trước đó Tuyên được mẹ sắm cho điện thoại thông minh để tiện liên lạc khi lên tỉnh học. Những ngày nghỉ ở nhà, do trường chưa tổ chức học qua Internet, Tuyên cũng lên mạng tìm bài học lớp 11 do đài truyền hình sản xuất tải trên Youtube để ôn kiến thức. \"Nhưng sóng 3G ở đây chập chờn, em không xem được thông suốt, lúc được lúc không, rất vất vả\", Tuyên nói.', 'Học sinh vùng cao lo quên kiến thức vì nghỉ lâu', 'Học sinh ở xã miền núi Mỹ Thạnh, huyện Hàm Thuận Nam sống biệt lập trong rừng, khó tiếp cận bài giảng qua mạng, dễ quên bài. \r\n\r\nTừ ngày nghỉ học tránh dịch, Trần Hàng Thái Tú, 15 tuổi, lên rẫy cùng cha. Tú là học sinh lớp 8, trường Trung học nội trú huyện Hàm Thuận Nam, cách nhà hơn 30 km. Gần ba tháng qua, em không quay lại trường.', 0, '2020-04-21 01:29:30', '2020-04-21 01:29:30'),
(25, 'Nhận biết trẻ có thiên hướng học môn tự nhiên', 'nhan-biet-tre-co-thien-huong-hoc-mon-tu-nhien', 'uploads/news/1587457868_khoa-hoc-4364-1587392200.jpg', 1, 1, 0, 8, NULL, '1. Học nhanh và hiệu quả\r\n\r\nTheo Hiệp hội trẻ tài năng Mỹ, trẻ có năng khiếu, đặc biệt ở những môn tự nhiên như Toán, Lý, Hóa, có thể học hỏi mọi thứ nhanh chóng và hiệu quả. Sự hiệu quả thể hiện bằng việc các em ghi nhớ kiến thức mới lâu dài, biết cách áp dụng những điều đã học vào tình huống thực tế. Ngoài ra, các em thích đương đầu với vấn đề về khoa học khó, chưa có lời giải.\r\n\r\n2. Làm việc có định hướng\r\n\r\nCác môn khoa học tự nhiên có sự định hướng rất rõ ràng, cách làm cũng được thể hiện tuần tự theo từng bước. Nếu con bạn chú ý đến thông tin như hướng dẫn sử dụng, các bước thực hiện một hoạt động bất kỳ, chúng có thể có tiềm năng học môn tự nhiên.\r\n\r\nTrẻ yêu thích các môn tự nhiên còn có khả năng lập, bám sát kế hoạch và không thích sự mơ hồ.\r\n\r\n3. Trí nhớ tốt và tư duy logic\r\n\r\nTrí nhớ tốt giúp trẻ ghi nhớ bảng tuần hoàn hóa học, số Pi hoặc các khái niệm liên quan đến khoa học tự nhiên, từ đó cải thiện khả năng học các môn khoa học này. Ngoài ra, tư duy logic cũng là yếu tố cần có của những người học ban tự nhiên.', 'Nhận biết trẻ có thiên hướng học môn tự nhiên', 'Theo Hiệp hội trẻ tài năng Mỹ, trẻ có năng khiếu, đặc biệt ở những môn tự nhiên như Toán, Lý, Hóa, có thể học hỏi mọi thứ nhanh chóng và hiệu quả. Sự hiệu quả thể hiện bằng việc các em ghi nhớ kiến thức mới lâu dài, biết cách áp dụng những điều đã học vào tình huống thực tế. Ngoài ra, các em thích đương đầu với vấn đề về khoa học khó, chưa có lời giải.', 0, '2020-04-21 01:30:42', '2020-04-21 01:31:08'),
(26, 'Lễ tốt nghiệp của Học viện Không quân Mỹ', 'le-tot-nghiep-cua-hoc-vien-khong-quan-my', 'uploads/news/1587457952_air-force-graduation-mo-hpMain-5339-1934-1587373065.jpg', 1, 1, 0, 8, NULL, 'Ngày 18/4, gần 1.000 học viên của Học viện Không quân Mỹ phải giữ khoảng cách 1,8 mét khi diễu hành và 2,4 mét khi ngồi dự buổi lễ tốt nghiệp. \r\n\r\nNăm nay, lần đầu tiên lễ tốt nghiệp của Học viện Không quân Mỹ (tại Colorado Springs, Colorado) diễn ra mà không có sự tham dự của gia đình sinh viên vì trường hạn chế số người tham dự. Ngoài Phó tổng thống Mike Pence và một vài quan chức cấp cao, một số lượng lớn giảng viên của các khoa trong trường cũng phải theo dõi buổi lễ từ xa.\r\n\r\nNgười thân của sinh viên được xem trực tiếp buổi lễ thông qua Internet. Ông Scott Carlisi, bố của Rose - một học viên của Học viện Không quân, cho biết 22 thành viên trong gia đình ông đã lên kế hoạch về một buổi tụ họp tại Colorado nhưng việc này hiện không thể thực hiện.\r\n\r\nRose đã trở thành thiếu úy nhưng ông Carlisi cùng vợ chỉ có thể quan sát sự kiện quan trọng này từ thành phố Layton, Utah, nơi cách trường của con gái tới hơn 800 km. \"Chúng tôi vẫn rất vui mừng và tự hào về con bé\", ông Carlisi nói.\r\nPhát biểu tại buổi lễ, bà Barbara Barrett, Bộ trưởng Không quân Mỹ, chia sẻ: \"Nhập học vào năm 2016, chắc hẳn các em đều mong muốn lễ tốt nghiệp của mình trở nên đặc biệt. Nhưng có lẽ không ai trong chúng ta tưởng tượng được học viên sẽ tốt nghiệp vào giữa tháng 4, mang theo khẩu trang và không có sự hiện diện của bố mẹ\".\r\n\r\nĐể buổi lễ được tổ chức nhanh chóng, đơn giản, Học viện Không quân đã lược bỏ một vài hoạt động truyền thống, chỉ giữ lại khoảnh khắc học viên ném mũ lên không trung như những chiếc máy bay của đội Thunderbirds.\r\n\r\nTrước đó cuối tháng 3, bảy bang tại Mỹ đã cho phép các trường phổ thông, đại học, mẫu giáo đóng cửa đến hết năm học, gồm: Arizona, Alabama, Kansas, New Mexico, Oklahoma, Virginia, Vermont. Bang Washington cho học sinh nghỉ học đến 19/6, riêng chính quyền bang New York vẫn tranh cãi về việc đóng cửa trường học để hạn chế sự lây lan của Covid-19.  \r\n\r\nĐến 20/4, Covid-19 đã lan ra 218 quốc gia và vùng lãnh thổ, khiến hơn 2,4 triệu người nhiễm bệnh và gần 166.000 người chết. Mỹ đang là ổ dịch lớn nhất thế giới với hơn 760.000 ca dương tính, trong đó 40.000 trường hợp tử vong.', 'Lễ tốt nghiệp của Học viện Không quân Mỹ', 'Ngày 18/4, gần 1.000 học viên của Học viện Không quân Mỹ phải giữ khoảng cách 1,8 mét khi diễu hành và 2,4 mét khi ngồi dự buổi lễ tốt nghiệp.', 0, '2020-04-21 01:32:32', '2020-04-21 01:32:32'),
(27, 'Tổ chức buổi học online thế nào để thu hút người học?', 'to-chuc-buoi-hoc-online-the-nao-de-thu-hut-nguoi-hoc', 'uploads/news/1587458171_92876199-642826529608574-24844-9379-3381-1587366778.jpg', 1, 1, 0, 8, NULL, 'Trước, trong và sau buổi học, giáo viên phải tích cực tương tác với người học, thi thoảng xen kẽ video ngắn, dễ hiểu để minh họa cho chủ đề vừa dạy.\r\n\r\nVới hai năm kinh nghiệm giảng dạy online môn Sinh hóa và Sinh học phân tử tại Đại học bang Oklahoma, Stillwater, Mỹ, TS Ellie Phương D. Nguyễn chia sẻ cách tổ chức buổi học hiệu quả. \r\n\r\nĐể thu hút người học, giáo viên cần đầu tư cho cả ba giai đoạn: đầu buổi học, trong lúc học và ngoài giờ học, nhằm khơi gợi và tạo cảm xúc tích cực cho học sinh, sinh viên. Vì nếu người học càng quý trọng giáo viên và cách dạy thì càng đầu tư thời gian, công sức cho môn học, hiệu quả học tập theo đó càng cao.\r\n\r\nMuốn học sinh, sinh viên có cái nhìn tích cực thì bản thân giáo viên phải có cái nhìn tích cực đối với người học thì mới có thể thể hiện ra bằng lời nói hay qua email và các hành động cụ thể được truyền tải trong lúc giảng dạy. Đây là mục quan trọng đánh giá hiệu quả giảng dạy của giáo viên tại các trường đại học Mỹ.\r\n\r\nCách thực hiện tham khảo cho giáo viên như sau. Vào đầu học kỳ hay buổi học đầu tiên, giáo viên có thể cho học sinh, sinh viên trả lời khoảng 10-20 câu hỏi về các yêu cầu chính của môn học, chính sách xử lý khi không nộp bài đúng hạn, vắng mặt nhiều, không tham dự kiểm tra.\r\n\r\nNgoài ra, có vài câu hỏi về học sinh, sinh viên như bạn mong học được điều gì ở môn này, hãy kể về một tiết học yêu thích của bạn và vì sao bạn thích, sở thích lúc rãnh rỗi, điều gì đặc biệt về mình mà bạn muốn chia sẻ. Điều này thể hiện sự quan tâm ngay từ đầu của giáo viên đối với người học. Rất nhiều học sinh, sinh viên đánh giá cao việc này, cũng như có cái nhìn tích cực đối với thầy cô.\r\n\r\nĐầu buổi học\r\n\r\n- Sau khi chào hỏi vài phút, giáo viên tắt hết chức năng chat, tắt tiếng, share màn hình, vẽ lên màn hình của học sinh, sinh viên để không bị phân tán trong lúc học.\r\n\r\n- Làm kiểm tra ngẫu nhiên đầu giờ (chiếm 5-10% tổng điểm) dạng trắc nghiệm và trả lời dưới hình thức chat (chỉ giáo viên thấy câu trả lời để học sinh không sao chép của nhau), một công đôi việc giúp người học phải vào lớp đúng giờ, có thói quen tốt ôn lại bài học trước và kiểm tra được những chỗ nào học trò chưa hiểu. Giáo viên có thể bỏ qua 3 bài thấp điểm nhất (ví dụ chỉ lấy điểm 10 bài/13 bài kiểm tra tổng cộng) để bỏ qua cho học sinh tối đa 3 lần vào muộn mà không cần giải thích lý do (đỡ phải xử lý khiếu kiện của học sinh nhiều lần).\r\n\r\n- Hỏi học trò có câu hỏi gì của bài học hôm trước hay tuần trước để không mang chỗ chưa hiểu hay hiểu sai đó vào bài học mới. Giáo viên có thể mở chức năng chat trong 5 phút để học sinh gõ câu trả lời vào cho giáo viên, sau đó lưu lại cửa sổ chat để điểm danh học sinh nào có mặt, và sau đó có thể share cho cả lớp tham khảo các câu trả lời nếu cần.\r\n\r\n- Tóm tắt chủ đề chính trong buổi học hôm nay trên một slide vào đầu buổi học như một bản đồ định hướng và tóm tắt nội dung chính trước khi triển khai buổi học.\r\n\r\n- Nhắc lại các bài tập cần hoàn tất trong tuần và thời hạn nộp bài. Trong môi trường học online càng phải nhắc lại vài lần nhất là khi có thay đổi vì học sinh, sinh viên có thể không nhớ hết thông tin đã nhận được từ nhiều lớp.\r\n\r\nTrong lúc học (không chỉ nghe giảng mà học sinh còn tương tác với nhau và với giáo viên qua các hoạt động phong phú liên quan đến nội dung bài giảng).\r\n\r\n- Sau khoảng 10 slides thì dừng lại để cho 1-2 câu hỏi thực tập ngắn dạng trả lời nhanh để kiểm tra xem học sinh có hiểu đúng hay hiểu sai chỗ nào vừa giảng, có thể làm dạng trắc nghiệm và trả lời dưới hình thức chat (chỉ giáo viên thấy câu trả lời). Giáo viên có thể lưu lại cửa sổ chat để chia sẻ nội dung câu trả lời nếu cần cho cả lớp tham khảo.\r\n\r\n- Dùng cách học bằng giải quyết vấn đề (case study, problem-based learning) để thảo luận, yêu cầu học sinh, sinh viên đọc vấn đề trước buổi học để có thể tham gia thảo luận nhóm trong lúc học trực tuyến. Giáo viên có thể tham khảo nguồn case study từ website của \"National Center for Case Study Teaching in Science\".\r\n\r\n- Thảo luận nhóm dưới hình thức \"Think-pair-share\": Giao cho học trò làm việc theo nhóm hai người đế trao đổi, bật chức năng chat tạm thời trong 5 phút để học sinh, sinh viên trao đổi. Sau 5 phút, giáo viên tắt chức năng chat, dùng \"giơ tay\" để từng nhóm hoặc vài nhóm phát biểu share với cả lớp. Giáo viên có thể cho điểm cho câu trả lời thảo luận hay và đúng để khích lệ tranh luận sôi nổi. Học sinh sẽ có động lực tự xem bài giảng và case study trước để có thể tham gia tốt, hiệu quả các hoạt động tương tác này. Việc học thông qua các hoạt động tương tác sẽ tăng hứng thú học online cho học sinh.\r\n\r\n- Thỉnh thoảng xen kẽ các video ngắn, vui, dễ hiểu trên YouTube để minh họa tầm 3-5 phút chủ đề vừa giảng vừa như một hình thức giải lao ngắn giữa giờ học.\r\n\r\n- Thiết kế các trò chơi online liên quan đến nội dung bài học để tăng hứng thú như mỗi lần trả lời đúng câu hỏi trong bài sẽ được thưởng hay lên level trong trò chơi.\r\n\r\n- Trước các bài kiểm tra sẽ có một buổi ôn tập trực tuyến (như qua Zoom hoặc MS Team) để học sinh, sinh viên có thể đặt câu hỏi, trao đổi trực tiếp với giáo viên và giáo viên có thể tóm tắt lại ý chính và yêu cầu đối với bài thi.\r\n\r\nNgoài giờ học (thường xuyên tương tác nhằm khích lệ và tạo động lực cho học sinh, sinh viên)\r\n\r\n- Gửi email riêng để khích lệ và hỏi thăm tình hình của học sinh, sinh viên như em nào điểm cao và điểm ngày một tiến bộ thì động viên tiếp tục phát huy; học sinh nào điểm thấp và điểm giảm sút, không nộp bài đúng thời hạn thì hỏi xem em đó có khó khăn gì không.\r\n\r\n- Kiểm tra mục thảo luận và đặt câu hỏi trên website của lớp/môn học để trả lời kịp thời thắc mắc của học sinh, sinh viên nhất là trước khi có bài thi. Khi có câu hỏi của học sinh, giáo viên cần giải đáp thắc mắc nhanh chóng, kịp thời trong vòng một ngày chứ không nên để quá lâu mới trả lời.\r\n\r\n- Cung cấp phản hồi hay góp ý trên bài tập học sinh, sinh viên nộp online, đồng thời thiết kế bài tập đa dạng: tự luận, tính toán, thảo luận giải quyết vấn đề.\r\n\r\n- Giáo viên có thể tự trau dồi học hỏi thêm các cách thiết kết trò chơi, chuẩn bị nội dung thảo luận, hoạt động tương tác phong phú với nhiều yếu tố chuyển đổi và tăng tính thực hành trong các buổi gặp trực tuyến để học sinh thêm hứng thú, động lực trong môi trường học online.', 'Tổ chức buổi học online thế nào để thu hút người học?', 'Trước, trong và sau buổi học, giáo viên phải tích cực tương tác với người học, thi thoảng xen kẽ video ngắn, dễ hiểu để minh họa cho chủ đề vừa dạy.\r\n\r\nVới hai năm kinh nghiệm giảng dạy online môn Sinh hóa và Sinh học phân tử tại Đại học bang Oklahoma, Stillwater, Mỹ, TS Ellie Phương D. Nguyễn chia sẻ cách tổ chức buổi học hiệu quả.', 0, '2020-04-21 01:34:30', '2020-04-21 01:36:11'),
(28, 'Học thí nghiệm online cùng con với 39.000 đồng', 'hoc-thi-nghiem-online-cung-con-voi-39000-dong', 'uploads/news/1587458345_Background-7-2271-1587348493.png', 1, 1, 0, 8, NULL, 'Từ 39.000 đồng mỗi tháng, phụ huynh có cơ hội nuôi dưỡng tình yêu khoa học ở trẻ bằng các thực hành thí nghiệm tại \'Kid lab\'. \r\n\r\nChuyên mục Kid Lab do VnExpress phối hợp với đối tác Naooka đến từ Nga nhằm cung cấp kiến thức khoa học cơ bản cho trẻ thông qua thực hành. Bạn đọc có thể theo dõi tại địa chỉ https://kidlab.vnexpress.net/.  \r\n\r\nĐể cùng bé khám phá phòng thí nghiệm online phụ huynh thực hiện theo các bước:\r\n\r\n- Đăng ký tài khoản trên VnExpress để bắt đầu truy cập Kid lab\r\n\r\n- Cha mẹ xem trước video và chuẩn bị các vật liệu cần thiết\r\n\r\n- Bố mẹ hỏi trẻ về những đồ dùng mà mình nhìn thấy và chức năng của chúng\r\n\r\n- Sau đó, phụ huỵnh miêu tả sẽ làm gì với đồ vật để trẻ phán đoán điều gì xảy ra trong đó, định hướng trẻ hình thành kỹ năng phân tích, kích thích trí tò mò... \r\n\r\n- Người lớn bắt đầu thí nghiệm để kiểm tra lý thuyết các dự đoán, nếu trẻ đủ kỹ năng thì nên để trẻ thực hiện, những hoạt động phức tạp phụ huynh hỗ trợ. \r\n\r\n- Sau khi kết thúc thí nghiệm, cha mẹ gợ ý để trẻ nói ra những kết luận của riêng mình. Người lớn thăm dò bằng các câu hỏi \"Con học được điều gì hôm nay, hiện tượng gì đã xảy ra trong thí nghiệm...\"\r\n\r\nMỗi thí nghiệm trong Kid Lab gồm 2 phần chính: Video hướng dẫn thực hiện và phần giải thích hiện tượng. Cách trình bày trực quan, sinh động giúp trẻ dễ theo dõi, dễ hiểu, có thể tự thực hiện ở nhà dưới sự giám sát của bố mẹ.\r\nTất cả thí nghiệm đều không sử dụng đồ vật hay thành phần nguy hiểm. Video sản xuất và cập nhật hàng tuần, tập trung vào những nguyên liệu dễ tìm, chi phí thấp. Cha mẹ lưu ý, khi làm thí nghiệm với chất lỏng, bạn nên dọn dẹp các vật dụng như đồ điện tử phòng trường hợp chất lỏng bị đổ ra bàn. Gia đình hướng dẫn bé sử dụng găng tay khi dùng màu nhuộm, dầu hoặc các chất lỏng khó loại bỏ khỏi da. \r\n\r\nHiện, gói truy cập toàn bộ kho video trong 30 ngày có giá 39.000 đồng, đăng ký 3 tháng có giá 99.000 đồng, 189.000 đồng là chi phí thực hành thí nghiệm online tại Kid lab trong vòng 6 tháng. \r\n\r\nVới sự đồng hành của người lớn, Kid lab tạo ra những giờ phút gắn kết cả gia đình khi hực hành thí nghiệm cùng nhau. Các nghiên cứu cũng chỉ ra rằng, trải nghiệm khám phá khoa học đối với trẻ em có thể bắt đầu từ khoảng 3 tuổi cho đến hết chương trình học phổ thông. Trong đó, khám phá khoa học không chỉ dừng ở lý thuyết, nhớ các công thức, quy luật mà cần thực hành, tương tác. Từ đây, trẻ có thể học kỹ năng quan sát, so sánh, phân loại, giải quyết vấn đề, sáng tạo, ra quyết định, làm việc nhóm, giao tiếp. \r\n\r\nTrong quá trình học trải nghiệm, các giác quan của trẻ cũng phát triển. Ví dụ khi thực hiện thí nghiệm cách tạo cầu vồng bằng cốc nước và giấy, cha mẹ có thể giải thích về màu của ánh sáng, hiện tượng cầu vồng xuất hiện sau cơn mưa trong tự nhiên...  Đây chính là một cách học tư duy.', 'Học thí nghiệm online cùng con với 39.000 đồng', 'ừ 39.000 đồng mỗi tháng, phụ huynh có cơ hội nuôi dưỡng tình yêu khoa học ở trẻ bằng các thực hành thí nghiệm tại \'Kid lab\'. \r\n\r\nChuyên mục Kid Lab do VnExpress phối hợp với đối tác Naooka đến từ Nga nhằm cung cấp kiến thức khoa học cơ bản cho trẻ thông qua thực hành. Bạn đọc có thể theo dõi tại địa chỉ https://kidlab.vnexpress.net/.', 0, '2020-04-21 01:39:05', '2020-04-21 01:39:05');
INSERT INTO `news` (`id`, `name`, `slug`, `image`, `is_hot`, `is_active`, `views`, `category_id`, `url`, `content`, `meta_title`, `meta_description`, `user_id`, `created_at`, `updated_at`) VALUES
(29, 'Học sinh Hong Kong phản đối dùng Zoom', 'hoc-sinh-hong-kong-phan-doi-dung-zoom', 'uploads/news/1587458404_09d82b54-8109-11ea-8736-98eddd-4923-3991-1587289249.jpg', 1, 1, 0, 8, NULL, 'Hàng trăm học sinh đến từ hơn 90 trường trung học tại Hong Kong phản đối việc sử dụng phần mềm Zoom học trực tuyến vì lo ngại vấn đề bảo mật.\r\n\r\nHọc sinh sẽ tắt chức năng webcam, thay ảnh đại diện thành biểu ngữ chống Zoom khi học trực tuyến.\r\n\r\nIssac Cheng Ka-lon, phát ngôn viên của nhóm phản đối, cho biết tại ít nhất hai trường trung học Hong Kong, nhóm hacker đã thâm nhập vào phòng học trực tuyến, chia sẻ hình ảnh đồi truỵ, làm gián đoạn việc học và ảnh hưởng đến học sinh.\r\n\r\nCarson Tsang Long-hin, 16 tuổi, học sinh trường PLK Vicwood KT Chong, cho rằng phần mềm học lý tưởng nên bảo vệ thông tin cá nhân. Nam sinh tin rằng các trường học sẽ nghe thấy tiếng nói của học sinh và thay đổi.\r\n\r\nTheo một cuộc khảo sát đầu tháng 4 trên 14.000 học sinh trung học Hong Kong, 4/5 số người được hỏi học trực tuyến qua Zoom. 79% trong số đó phản đối dùng phần mềm này vì lo ngại rò rỉ dữ liệu và các cuộc tấn công \"Zoombombing\".\r\n\r\nFrancis Fong Po-kiu, đại diện Liên đoàn Công nghệ Hong Kong, đề nghị các trường lựa chọn phần mềm học thay thế như Google Hangouts Meet hoặc Microsoft Teams. Một số trường đã chuyển đổi.\r\n\r\nTuy nhiên, Francis nhấn mạnh phần mềm Zoom vẫn có thể được sử dụng nếu các trường gia tăng tính bảo mật cho phòng học ảo như cài đặt mật khẩu, chỉ chia sẻ đường dẫn cho người học. \"Zoom có nhiều ưu điểm, chẳng hạn miễn phí. Tôi tin rằng phần mềm này rất phù hợp với mục đích giảng dạy\", ông Francis nói.\r\nTrước đó ngày 5/4, Sở Giáo dục thành phố New York, Mỹ đã yêu cầu tất cả trường học trên địa bàn không sử dụng phần mềm Zoom vì lo ngại tính bảo mật và các cuộc tấn công \"Zoombombing\". Singapore ngày 10/4 cũng cấm các trường dạy học bằng Zoom vì lo ngại vấn đề tương tự, nhưng đến ngày 13/4 Bộ Giáo dục cho phép các trường tiếp tục dùng sau khi cài ba lớp phòng thủ.\r\n\r\nZoom là phần mềm họp trực tuyến ảo, có thể tạo cuộc gọi nhóm tối đa 100 người. Khi Covid-19 bùng phát, hơn 20 quốc gia với 90.000 trường học sử dụng phần mềm này để giảng dạy trực tuyến.   \r\n\r\n\"Zoombombing\" chỉ hành vi phá hoại các cuộc gọi trực tuyến trên phần mềm Zoom. Hacker sẽ tìm đến các phòng học ảo qua đường dẫn chia sẻ công khai trên các trang web, mạng xã hội hoặc đoán mã ID chứa từ 9 đến 11 chữ số. Khi vào được lớp học ảo, họ đưa ra tuyên bố đe dọa, phân biệt chủng tộc hoặc hình ảnh khiêu dâm gây ảnh hưởng đến tâm lý và nhận thức của học sinh.', 'Học sinh Hong Kong phản đối dùng Zoom', 'Hàng trăm học sinh đến từ hơn 90 trường trung học tại Hong Kong phản đối việc sử dụng phần mềm Zoom học trực tuyến vì lo ngại vấn đề bảo mật.\r\n\r\nHọc sinh sẽ tắt chức năng webcam, thay ảnh đại diện thành biểu ngữ chống Zoom khi học trực tuyến.', 0, '2020-04-21 01:40:04', '2020-04-21 01:40:04'),
(30, '19 địa phương thay đổi lịch nghỉ học', '19-dia-phuong-thay-doi-lich-nghi-hoc', 'uploads/news/1587458475_img-5817-jpg-1586575797-5818-1586578354.jpg', 1, 1, 0, 8, NULL, '44 địa phương còn lại vẫn giữ lịch nghỉ học cũ, tức cho học sinh nghỉ đến khi có thông báo mới. \r\n\r\nNgày 15/4, Thứ trưởng Giáo dục và Đào tạo Nguyễn Hữu Độ cho biết Bộ đã trình Chính phủ hai phương án thi THPT quốc gia 2020. Theo đó, nếu dịch bệnh được kiểm soát, học sinh có thể đi học trước ngày 15/6, kỳ thi THPT quốc gia vẫn có thể được tổ chức vào ngày 8-11/8. Nội dung thi sẽ được tinh giản hoặc bỏ bớt một số môn thi để giảm áp lực cho thí sinh.\r\n\r\nNếu dịch bệnh phức tạp hơn, Bộ Giáo dục và Đào tạo tính toán đến phương án không tổ chức kỳ thi THPT quốc gia mà giao cho các địa phương xét tốt nghiệp THPT. Hiện Chính phủ chưa kết luận lựa chọn phương án nào.\r\nNăm học 2019-2020, học sinh cả nước mới học hết tuần 20 thì nghỉ Tết và nghỉ phòng tránh Covid-19. Bộ Giáo dục và Đào tạo đã hai lần điều chỉnh khung thời gian năm học 2029-2020. Thời điểm kết thúc năm học được lùi đến trước ngày 15/7, thi THPT quốc gia ngày 8-11/8, chậm một tháng rưỡi so với mọi năm và chậm nửa tháng so với lần điều chỉnh đầu tiên.                    \r\n\r\nĐến 16/4, Covid-19 đã xuất hiện tại 218 quốc gia và vùng lãnh thổ, khiến hơn 2 triệu người nhiễm bệnh, trong đó hơn 135.000 người chết. Tại Việt Nam, số ca mắc bệnh tăng lên 268, trong đó 176 người đã khỏi và chưa ai tử vong.', '19 địa phương thay đổi lịch nghỉ học', 'Đến chiều 19/4, 17 tỉnh, thành thông báo học sinh tiếp tục nghỉ, riêng Cà Mau, Thái Bình cho lớp 9 và bậc THPT đi học từ ngày mai 20/4.', 0, '2020-04-21 01:41:15', '2020-04-21 01:41:25'),
(31, 'Thầy trò giúp nhau trong đại dịch', 'thay-tro-giup-nhau-trong-dai-dich', 'uploads/news/1587458646_Ly-A-Nhia-2-4146-1587186665.jpg', 1, 1, 0, 8, NULL, 'Đang lo lắng vì hết tiền mua đồ ăn, Ly A Nhịa, 22 tuổi, nhận được email thông báo hỗ trợ của trường Đại học Khoa học Xã hội và Nhân văn.\r\n\r\nLy A Nhịa là sinh viên năm hai ngành Quản trị dịch vụ du lịch và lữ hành của trường Đại học Khoa học Xã hội và Nhân văn, Đại học Quốc gia Hà Nội. Sau Tết, dù trường cho sinh viên nghỉ học để phòng chống Covid-19, Nhịa vẫn xuống Hà Nội để học online do ở quê không có mạng. Hơn nữa, chỉ xuống thủ đô, em mới có thể làm thêm, kiếm tiền phụ giúp gia đình.          \r\n\r\nNhịa là con thứ 10 trong gia đình 11 anh chị em ở bản Hua Thóng, xã Đứa Mòn, huyện Sông Mã, tỉnh Sơn La. Mẹ em mất sớm, các anh chị đã lập gia đình, phải lo cho 1-3 con ăn học. Bố 63 tuổi không có thu nhập ổn định, chỉ trông vào làm nương rẫy và chăn nuôi, nhưng phải nuôi Nhịa và em út lớp 8 ăn học. Thấy bố vất vả, Nhịa xác định sẽ làm thêm để trang trải cuộc sống ở thủ đô. \"Em đã may mắn được đi học đại học rồi, không thể xin tiền bố mãi được\", Nhịa nói.\r\nTừ khi xuống trường, Nhịa xin trông xe ở nhà xe ký túc xá. Hàng tháng, em được trả từ 1,2 đến 2 triệu tiền lương, tùy vào thời gian làm việc và chương trình học ở trường. Không phải đóng học phí do gia đình thuộc hộ nghèo, lại là người dân tộc Mông, thế nên số tiền kiếm được mỗi tháng đủ cho Nhịa ăn uống hàng ngày và gửi 400.000-600.000 đồng về quê hỗ trợ bố, đóng học phí cho em.\r\n\r\nSau Tết, dù trường học đóng cửa, Nhịa vẫn được tiếp tục công việc ở nhà xe ký túc xá. Thế nhưng đến ngày 1/4, khi lệnh cách ly xã hội được áp dụng, em mất việc. Không có thu nhập mà hàng ngày vẫn phải ăn đủ hai bữa với tổng chi phí 50.000 đồng, đến ngày 10/4 Nhịa hết tiền dự trữ. \r\n\r\n\"Em không thể gọi về xin bố được. Có lần em phải đi thực tế với lớp mà không có tiền, gọi về nhờ bố và anh chị xoay cho một triệu đồng thì bố phải đi vay lãi cao. Một triệu khi trả thành 1,5 triệu đồng. Em không muốn làm gánh nặng cho gia đình\", Nhịa giải thích.\r\n\r\nThay vì tiêu 50.000 đồng mỗi ngày cho hai suất cơm, Nhịa chuyển sang ăn mì tôm. Mỗi bữa một gói với chi phí 3.000 đồng. Nhiều hôm, Nhịa đến bàn phát mì, xúc xích, trứng ăn kèm miễn phí ở cổng ký túc xá của các đội tình nguyện để cải thiện bữa ăn.\r\n\r\nỞ phòng ký túc xá của Nhịa, ba bạn khác ở lại Hà Nội vì có hoàn cảnh tương tự. Các bạn ở những vùng quê nghèo của Yên Bái, Sơn La, xuống Hà Nội vừa học online, vừa làm thêm. Nhưng từ ngày 6/3, khi Hà Nội xuất hiện ca mắc Covid-19 đầu tiên, tất cả mất việc.           \r\n\r\nĐang lo lắng vì không biết lấy tiền đâu mua mì tôm cầm cự, Nhịa và các bạn cùng phòng nhận được email từ trường Đại học Khoa học Xã hội và Nhân văn. Theo đó, những sinh viên khó khăn, còn kẹt lại Hà Nội có thể đăng ký để nhận hỗ trợ từ trường. 2-3 hôm sau, Nhịa nhận được suất quà gồm mì tôm, xúc xích, dưa, trứng, trái cây, bánh gạo, sữa. \r\n\r\nNhịa mừng lắm, tập trung học online, có ngày hai ca. Trước và sau giờ học, em còn tham gia cùng thầy cô trong trường gói các suất quà, vận chuyển tới những sinh viên khó khăn khác.', 'Thầy trò giúp nhau trong đại dịch', 'Đang lo lắng vì hết tiền mua đồ ăn, Ly A Nhịa, 22 tuổi, nhận được email thông báo hỗ trợ của trường Đại học Khoa học Xã hội và Nhân văn.', 0, '2020-04-21 01:44:06', '2020-04-21 01:44:06'),
(32, 'Thạo 16 ngôn ngữ nhờ học nghe, đọc đúng cách', 'thao-16-ngon-ngu-nho-hoc-nghe-doc-dung-cach', 'uploads/news/1587458729_hoc-ngoai-ngu-7588-1587271587.jpg', 1, 1, 0, 8, NULL, 'Thất bại với phương pháp học ngoại ngữ truyền thống, Steve Kaufmann, 74 tuổi, quốc tịch Canada, tìm thấy niềm vui khi học bằng cách nghe và đọc.\r\n\r\nSteve Kaufmann, hiện thông thạo 16 thứ tiếng, chia sẻ về phương pháp học của mình, có thể áp dụng với mọi ngôn ngữ.\r\n\r\nNgười học giỏi ngoại ngữ có thể nắm bắt mọi hình thái của ngôn ngữ bao gồm: âm thanh, cấu trúc, từ vựng. Họ có thể sử dụng nhuần nhuyễn các kỹ năng nghe, nói, đọc, viết. Khi còn nhỏ, tôi đã tự hỏi: \"Làm thế nào có thể sử dụng ngôn ngữ điêu luyện như họ?\" và câu hỏi này thôi thúc tôi tự trải nghiệm để tìm ra đáp án.\r\n\r\nKhi bắt đầu học ngoại ngữ, tôi chú ý đến những phương pháp dạy truyền thống và nhận ra người học tập trung vào ngữ pháp, bắt chước cách phát âm của giáo viên và làm nhiều bài tập. Tôi thấy họ bị căng thẳng, áp lực với phương pháp này và sự tiến bộ thường chậm. Khi thử áp dụng theo, tôi không thể ghi nhớ các quy tắc ngữ pháp, không thực sự hiểu cách dùng ngôn ngữ.\r\n\r\nTrái lại, tôi tìm thấy niềm vui học ngoại ngữ bằng phương pháp nghe, đọc. Các hoạt động này không chỉ khiến tôi yêu thích ngôn ngữ mình đang học mà còn giữ động lực suốt hành trình. Dưới đây là năm phương pháp học ngoại ngữ bằng cách nghe, đọc mà tôi thường sử dụng.\r\n\r\n1. Nghe lặp đi lặp lại\r\n\r\nVới mỗi tài liệu chứa âm thanh, tôi thường nghe nhiều hơn một lần, đặc biệt trong giai đoạn mới học. Có những tài liệu, tôi nghe 10 lần trở lên vì nhiều đoạn, tôi không nghe rõ dù đã tra cứu và muốn nghe hiểu không sót một từ nào.\r\n\r\nNỗ lực kiểm soát các từ khóa giúp tôi xây dựng sự tập trung cao độ và thái độ nghiêm túc với việc học ngoại ngữ. Dần dần, tôi có thể hiểu rõ các từ mới, củng cố kiến thức đã biết. Nhờ nghe liên tục một tài liệu, những ngôn từ xa lạ trở nên rõ ràng hơn.', 'Thạo 16 ngôn ngữ nhờ học nghe, đọc đúng cách', 'Thất bại với phương pháp học ngoại ngữ truyền thống, Steve Kaufmann, 74 tuổi, quốc tịch Canada, tìm thấy niềm vui khi học bằng cách nghe và đọc.\r\n\r\nSteve Kaufmann, hiện thông thạo 16 thứ tiếng, chia sẻ về phương pháp học của mình, có thể áp dụng với mọi ngôn ngữ.', 0, '2020-04-21 01:45:29', '2020-04-21 01:45:29'),
(33, 'Messi và bản sao kiệt tác của Maradona', 'messi-va-ban-sao-kiet-tac-cua-maradona', 'uploads/news/1587458799_Mara1-3869-1587442302.jpg', 1, 1, 0, 7, NULL, 'Pha độc diễn ghi bàn của Lionel Messi vào lưới Getafe ngày 17/4/2007 đã xua đi hoài nghi cuối cùng về việc anh có xứng đáng là người kế thừa Diego Maradona.\r\n\r\nSau khi Maradona giải nghệ, bóng đá Argentina luôn mỏi mòn tìm kiếm một truyền nhân của \"Cậu bé Vàng\". Thế là, trong hơn hai thập niên gần đây, rất nhiều tài năng tấn công được ví von là \"Maradona mới\", dù sở hữu vị trí và lối chơi khác hẳn. Nhưng vượt lên trên tất cả, chỉ Messi thực sự trở thành siêu sao và nằm trong danh sách cầu thủ hay nhất lịch sử như Maradona.\r\n\r\nNhững so sánh đã xuất hiện từ khi Messi khởi nghiệp. Nhưng phải đến bàn thắng kỳ diệu vào lưới Getafe năm 2007, thế giới bóng đá mới có thể khẳng định anh đích thị là truyền nhân của Maradona.', 'Messi và bản sao kiệt tác của Maradona', 'Pha độc diễn ghi bàn của Lionel Messi vào lưới Getafe ngày 17/4/2007 đã xua đi hoài nghi cuối cùng về việc anh có xứng đáng là người kế thừa Diego Maradona.', 0, '2020-04-21 01:46:39', '2020-04-21 01:47:55'),
(34, 'Carlsen thắng thần đồng Firouzja', 'carlsen-thang-than-dong-firouzja', 'uploads/news/1587458864_Screen-Shot-2020-04-21-at-5-22-9728-5317-1587422450.png', 1, 1, 0, 7, NULL, 'Magnus Carlsen thắng Alireza Firouzja 2,5-1,5 ở vòng hai, siêu giải online mang tên Vua cờ Na Uy, hôm qua 20/4.\r\n\r\nBa ván đầu tiên diễn ra theo kịch bản giống ngày ra quân, khi Carlsen đều thắng khi cầm quân trắng, và thua khi cầm quân đen. Đến ván cuối, Vua cờ 29 tuổi thủ hòa để thắng chung cuộc 2,5-1,5. Carlsen đòi được nợ khi thua Firouzja ở chung kết Banter Blitz Cup hôm 16/4.\r\n\r\nDù thất bại, Firouzja vẫn bộc lộ tố chất của thần đồng ở ván đấu được cho là hấp dẫn nhất hôm qua. Anh ngồi trước máy tính thi đấu với chiếc áo phông không cổ, quần short, trên ghế dành cho game thủ. Ở ván thứ hai, kỳ thủ 16 tuổi cầm quân trắng, và lép vế từ trung cuộc. Carlsen thí chất, đổi lấy thế chủ động và buộc Trắng phải chống đỡ. Nhưng, Vua cờ Na Uy thua ngược chóng vánh từ cái bẫy mà Firouzja giăng ra.', 'Carlsen thắng thần đồng Firouzja', 'Magnus Carlsen thắng Alireza Firouzja 2,5-1,5 ở vòng hai, siêu giải online mang tên Vua cờ Na Uy, hôm qua 20/4.', 0, '2020-04-21 01:47:44', '2020-04-21 01:47:44'),
(35, 'Ozil từ chối giảm lương', 'ozil-tu-choi-giam-luong', 'uploads/news/1587458948_a-1587437343-3590-1587437457.jpg', 1, 1, 0, 7, NULL, 'Mesut Ozil thuộc nhóm ba cầu thủ phản đối, trong khi các thành viên còn lại đều đồng ý giảm 12,5% lương như ban lãnh đạo Arsenal đề nghị.\r\n\r\nHôm 20/4, Arsenal thông báo đạt thoả thuận giảm lương trong 12 tháng với các cầu thủ và thành viên ban lãnh đạo của đội một. Họ là đội đầu tiên tại Ngoại hạng Anh giảm tổng lương của cầu thủ. Tuy nhiên, có ba cầu thủ không bị thuyết phục bởi đề nghị này, và số này có Ozil, theo Daily Mail.\r\nOzil đang là cầu thủ hưởng lương cao nhất tại Arsenal với thu nhập 435.000 USD mỗi tuần. Nhưng tiền vệ người Đức cho rằng anh cần biết cụ thể tình hình tài chính của CLB khó khăn như thế nào trong bối cảnh các giải đấu bị hoãn do tác động của Covid-19. Ozil khẳng định sẵn sàng giảm lương nếu hiểu rõ tình hình. \r\n\r\nHiệp hội cầu thủ Anh (PFA) khuyến cáo cầu thủ phản bác đề nghị giảm lương của CLB, thay vào đó, khuyên họ chấp nhận để các CLB trả lương trễ. Ozil tin rằng đây là phương án hợp lý. Arsenal từ chối bình luận vấn đề này vì cho rằng đây là chuyện cá nhân của cầu thủ. \r\n\r\nTheo báo chí Anh, các cầu thủ Arsenal ban đầu từ chối giảm lương. Nhưng sau đó, HLV Mikel Arteta đã nói chuyện và thuyết phục họ chấp nhận đề xuất của CLB. \r\n\r\nArsenal sẽ hoàn trả khoản 12,5% tiền lương bị giảm cho cầu thủ nếu họ giành vé dự Champions League trong hai mùa tiếp theo. Nếu được dự Europa League, họ sẽ được hoàn trả 7,5%. Nhưng nếu không thể giành suất dự Cup châu Âu, các cầu thủ sẽ mất trắng số tiền này.', 'Ozil từ chối giảm lương', 'Mesut Ozil thuộc nhóm ba cầu thủ phản đối, trong khi các thành viên còn lại đều đồng ý giảm 12,5% lương như ban lãnh đạo Arsenal đề nghị.', 0, '2020-04-21 01:49:08', '2020-04-21 01:49:08'),
(36, 'Cầu thủ Nga đột tử khi cách ly Covid-19', 'cau-thu-nga-dot-tu-khi-cach-ly-covid-19', 'uploads/news/1587459031_1587399823-080070-1587399878-n-2876-6894-1587437739.jpg', 1, 1, 0, 7, NULL, 'NGAInnokenti Samokhvalov của Lokomotiv Moscow qua đời ở tuổi 22, trong thời gian tập riêng tại nhà.\r\n\r\nSamokhvalov cảm thấy không khỏe khi tập luyện tại nhà, trước khi qua đời hôm thứ Hai 20/4, theo thông báo của CLB chủ quản Lokomotiv Moscow. \"Một chàng trai tốt, một người bạn hiền đã ra đi. Lokomotiv bàng hoàng trước thông tin này. Đó là mất mát quá lớn cho đại gia đình chúng tôi\", trang chủ đội bóng Nga có đoạn.\r\n\"Thật kinh khủng\", HLV Alexandr Grishin nói với đài RIA Novosti. \"Nếu được phép đến tập chung với toàn đội (do đang trong thời gian cách ly vì Covid-19), có thể cậu ấy đã không trải qua bi kịch này. Thông tin từ bộ phận y tế cho biết, nguyên nhân cái chết là bởi trụy tim\".   \r\n\r\nTheo Grishin, Lokomotiv để cầu thủ tập riêng tại nhà, theo hướng dẫn hàng ngày của CLB. Samokhvalov sống cùng vợ và con trai. Anh vào đội Đường Sắt Nga năm lên chín, và từng vô địch giải trẻ quốc gia mùa 2015-2016. Sau đó, cầu thủ này được cho CLB hạng Nhì Kazanka mượn trong hai mùa kế tiếp.\r\n\r\n\"Thật đáng tiếc cho Samokhvalov. Lokomotiv biết các vấn đề tim mạch của cậu ấy. Lẽ ra mọi thứ nên phải cẩn trọng hơn\", HLV Andrei Talalaev nói với kênh thể thao MatchTV. \"Cậu ấy tự chịu trách nhiệm khi tập riêng, và đã viết cam đoan là sẵn sàng nhận mọi hậu quả\".  \r\n\r\nLiên đoàn bóng đá Nga đã gửi điện chia buồn tới gia đình nạn nhân. Hiện các giải đấu ở Nga được hoãn tới 31/5, và được kỳ vọng sẽ trở lại vào nửa cuối tháng Sáu.', 'Cầu thủ Nga đột tử khi cách ly Covid-19', 'GAInnokenti Samokhvalov của Lokomotiv Moscow qua đời ở tuổi 22, trong thời gian tập riêng tại nhà.', 0, '2020-04-21 01:50:31', '2020-04-21 01:50:31'),
(37, 'Vieri khuyên Kane sang Serie A', 'vieri-khuyen-kane-sang-serie-a', 'uploads/news/1587459118_a-1587432153-1242-1587432242.jpg', 1, 1, 0, 7, NULL, 'Cựu tiền đạo Christian Vieri cho rằng chân sút Tottenham Harry Kane nên chuyển sang thi đấu tại Serie A.\r\n\r\n\"Kane là cầu thủ phi thường. Tôi sẽ chơi tốt nếu đá cặp với cậu ấy. Tôi từng đá với Ronaldo Brazil, Hernan Crespo, Alessandro del Piero, Francesco Totti, Roberto Baggio. Tôi thích đá với những cầu thủ kỹ thuật\", Vieri nói với Daily Mail.\r\nKane được đánh giá là một trong những tiền đạo hàng đầu châu Âu từ khi ra mắt đội một Tottenham vào năm 2014. Chân sút 26 tuổi đã ghi 181 bàn sau 278 lần ra sân. Tuy nhiên, Kane thừa nhận anh có thể ra đi để tìm kiếm danh hiệu. Man Utd, Real, Juventus, Inter được cho là quan tâm đến tiền đạo tuyển Anh.\r\n\r\n\"Kane không phải một trung phong kiểu Anh. Cậu ấy không có nhiều cơ bắp như Romelu Lukaku, nhưng Kane có khả năng đi bóng, tăng tốc và những cú sút chính xác, uy lực. Ở Italy, những cầu thủ như cậu ấy được xem là có \'chân mềm\'. Tôi rất thích Kane vì cậu ấy có những phẩm chất đặc biệt và rất đáng xem. La Liga hoặc Serie A sẽ là những giải đấu hoàn hảo cho cậu ấy nếu muốn rời Tottenham\", Vieri nhận định.\r\n\r\n\"Cậu ấy sẽ không gặp vấn đề nếu thi đấu ở những giải giàu kỹ thuật. Kane không phải một số 9 như Alan Shearer - người mà tôi rất hâm mộ và là một trong những tiền đạo hay nhất lịch sử bóng đá Anh. Nhưng Kane cũng mạnh mẽ không kém\", anh nói tiếp.\r\n\r\nKane được định giá khoảng 125 triệu USD. Tiền đạo Tottenham không thi đấu kể từ ngày 1/1 do phải phẫu thuật chấn thương gân kheo. Anh đã bình phục nhưng chưa thể thi đấu cho các giải bị hoãn bởi Covid-19.', 'Vieri khuyên Kane sang Serie A', 'Cựu tiền đạo Christian Vieri cho rằng chân sút Tottenham Harry Kane nên chuyển sang thi đấu tại Serie A.', 0, '2020-04-21 01:51:58', '2020-04-21 01:51:58'),
(38, 'Maguire: \'Man Utd sẽ vô địch Ngoại hạng Anh\'', 'maguire-man-utd-se-vo-dich-ngoai-hang-anh', 'uploads/news/1587459189_maguire-1587429882-1587429892-8520-1587429961.jpg', 1, 1, 0, 7, NULL, 'rung vệ Harry Maguire cho rằng mục tiêu của Man Utd không chỉ dừng ở top bốn, mà là vô địch Ngoại hạng Anh.\r\n\r\n\"Man Utd còn phải cải thiện nhiều khía cạnh để vươn tới đỉnh cao\", Maguire nói với Sky Sports. \"Chúng tôi không hướng tới top bốn, mà hướng tới ngôi vương. Ngay khi mới đặt chân đến Man Utd, tôi đã được HLV Ole Gunnar Solskjaer giải thích về quá trình xây dựng đội bóng. Chúng tôi vẫn đang đi đúng hướng, theo kế hoạch của Solskjaer. Chắc chắn Man Utd sẽ hoàn thành mục tiêu\".\r\nMan Utd khởi đầu mùa giải không tốt, nhưng đang bám sát top bốn. Họ bất bại trong 11 trận gần nhất. Maguire cho rằng nguyên nhân chính nằm ở khả năng chống tình huống cố định. Anh nói: \"Phòng ngự bóng chết là điểm yếu của chúng tôi. Nếu không làm tốt tình huống này, chúng tôi không thể hoàn thành mục tiêu. Tình huống cố định rất quan trọng trong trận đấu. Bộ tứ vệ cũng tiến bộ nhiều. Luke Shaw đạt phong độ rất cao. Aaron Wan-Bissaka, Victor Lindelof và tôi phải cạnh tranh với sự trở lại của Eric Bailly. Sự cạnh tranh giúp chúng tôi ngày càng tiến bộ\".\r\n\r\nNhân tố khác giúp Man Utd thăng hoa là tân binh Bruno Fernandes. Đội trưởng Maguire đồng tình: \"Fernandes chơi rất tuyệt kể từ khi gia nhập Man Utd. Cậu ấy là nhạc trưởng cả trong trận đấu lẫn buổi tập. Fernandes luôn muốn chiến thắng, trong bất cứ bài tập hay trận đấu nào. Cậu ấy tăng tính sáng tạo cho tuyến giữa Man Utd - thứ đội bóng còn thiếu trong nhiều năm qua. Fernandes sẽ còn cống hiến nhiều hơn nữa. Paul Pogba cũng sắp trở lại và sẽ giúp nâng tầm Fernandes. Chúng tôi đang sở hữu nhiều tiền vệ trung tâm tài năng, và đội bóng sẽ hưởng lợi từ điều đó\".', 'Maguire: \'Man Utd sẽ vô địch Ngoại hạng Anh\'', 'Trung vệ Harry Maguire cho rằng mục tiêu của Man Utd không chỉ dừng ở top bốn, mà là vô địch Ngoại hạng Anh.', 0, '2020-04-21 01:53:09', '2020-04-21 01:53:09'),
(39, 'McTominay dẫn đầu thử thách chạy 5 km ở Man Utd', 'mctominay-dan-dau-thu-thach-chay-5-km-o-man-utd', 'uploads/news/1587459268_tomi-5082-1587401532.jpg', 1, 1, 0, 7, NULL, 'Tiền vệ Scott McTominay chứng tỏ ưu điểm thể lực khi dẫn đầu thử thách chạy bộ 5 km trong nhóm cầu thủ Man Utd.\r\n\r\n\"Đây là một cuộc thi bổ ích, thú vị và không thiếu tính cạnh tranh. Scott đang dẫn đầu trong số các cầu thủ Man Utd, và tôi không nghĩ sẽ có người vượt qua anh ấy\", đồng đội Daniel James kể hôm 20/4.\r\nThử thách chạy 5 km ra đời khi Anh quốc cùng nhiều quốc gia khác đang vật lộn đối phó Covid-19. Người tham gia cần chạy bộ 5 km, đề cử năm người khác cùng tham gia, và khuyến khích ủng hộ 5 bảng cho Dịch vụ Y tế Công (NHS)\r\n\r\nTuần trước, tiền vệ Chelsea, Ross Barkley khoe thành tích chạy 5,2 km hết 16 phút 11 giây, đạt pace 3,03 phút/km.\r\n\r\nDo đại dịch, các đội bóng Anh nghỉ thi đấu từ 12/3. Khả năng trở lại chơi nốt mùa giải 2019-2020 đang là một dấu hỏi, nhất là khi số ca nhiễm tại xứ sương mù lên tới 125.000.\r\n\r\nTrong thời gian cả nước thực hiện giãn cách xã hội, các cầu thủ Man Utd chủ yếu tập ở nhà theo sự chỉ đạo từ xa của ban huấn luyện. Họ cũng có cơ hội ôn lại tình huống trận đấu để rút kinh nghiệm.\r\n\r\nJames tiết lộ: \"Ban huấn luyện viên đang làm clip về những thứ chúng tôi đã làm tốt mùa này và những điều chúng tôi có thể xem xét để cải thiện. Chúng ta có thể dành nhiều thời gian để nhìn lại, phân tích các trận đấu. Bạn có thể nói nó như bài tập về nhà. Thật bổ ích khi nhìn lại những việc chúng ta đã làm và những gì chúng ta có thể phấn đấu trong tương lai\".', 'McTominay dẫn đầu thử thách chạy 5 km ở Man Utd', 'Tiền vệ Scott McTominay chứng tỏ ưu điểm thể lực khi dẫn đầu thử thách chạy bộ 5 km trong nhóm cầu thủ Man Utd.', 0, '2020-04-21 01:54:28', '2020-04-21 01:54:28'),
(40, 'Rooney: \'Tôi không phải cây săn bàn bẩm sinh\'', 'rooney-toi-khong-phai-cay-san-ban-bam-sinh', 'uploads/news/1587459320_a-jpeg-1587357429-1200-1587357520.jpg', 1, 1, 0, 7, NULL, '\"Điều này có thể khiến các bạn ngạc nhiên. Thành thực mà nói, tôi không phải một cây săn bàn bẩm sinh. Tôi giữ kỷ lục ghi bàn ở tuyển Anh và Man Utd và rất tự hào vì điều đó. Nhưng có nhiều số chín khác giỏi hơn tôi\", Rooney chia sẻ trong bài viết riêng cho tờ The Times (Anh).\r\nRooney từng ghi những bàn thắng quan trọng cho Man Utd và tuyển Anh và được biết đến là một trong những tiền đạo hàng đầu thời đỉnh cao phong độ. Nhưng anh cho rằng những kỷ lục bản thân lập được là nhờ thi đấu cho một đội bóng trong thời gian dài.\r\n\r\n\"Làm cách nào tôi có thể giữ kỷ lục ghi bàn trong khi bản thân không phải một cây săn bàn bẩm sinh? Câu trả lời là thời gian. Tôi thi đấu cho Man Utd trong 13 năm và khoác áo tuyển Anh 15 năm. Tôi có nhiều thời gian để xác lập những kỷ lục. Nhìn lại, tôi thấy mình đáng ra phải ghi nhiều bàn hơn\", chân sút 34 tuổi bày tỏ. \r\n\r\nRooney đã ghi 253 bàn sau 559 trận khoác áo Man Utd và là cầu thủ duy nhất chạm mốc 250 bàn trong lịch sử CLB này. Tại tuyển Anh, anh cũng dẫn đầu danh sách lập công với 53 bàn sau 120 trận. Tuy nhiên, Rooney cho rằng kỷ lục của anh sẽ sớm bị phá bởi Harry Kane.\r\n\r\n\"Tôi nghĩ Harry Kane sẽ không mất nhiều thời gian để phá kỷ lục ghi bàn của tôi ở tuyển Anh, và đó sẽ là một khoảnh khắc tự hào với tôi. Tôi chưa bao giờ là một cầu thủ ích kỷ. Sẽ là điều tuyệt vời với Harry và đội tuyển nếu điều đó thành hiện thực. Bobby Charlton phải đợi 50 năm để chứng kiến tôi phá kỷ lục của ông. Tôi hy vọng mình không phải đợi lâu đến thế\", Rooney nói.\r\n\r\n\"Kỷ lục ở Man Utd có lẽ sẽ tồn tại lâu hơn vì thời nay, cầu thủ không gắn bó lâu với một CLB như trước. Nếu Lionel Messi hay Cristiano Ronaldo đến Old Trafford, họ sẽ phá nó trong ba hay bốn năm\", anh nói tiếp.', 'Rooney: \'Tôi không phải cây săn bàn bẩm sinh\'', 'Tiền đạo Wayne Rooney tự nhận không có bản năng săn bàn, dù giữ kỷ lục lập công ở Man Utd và tuyển Anh.', 0, '2020-04-21 01:55:20', '2020-04-21 01:55:20'),
(41, 'Ứng xử ‘nằm lòng’ cha mẹ Nhật luôn dạy con', 'ung-xu-nam-long-cha-me-nhat-luon-day-con', 'uploads/news/1587459424_Tre-em-Nhat-3-9239-1587458165.jpg', 1, 1, 0, 10, NULL, 'Biết chào hỏi người lạ, thật thà… là những gì mẹ Nhật trang bị cho con trong suốt quá trình nuôi dạy.\r\n\r\nTrẻ em Nhật Bản luôn được khen ngợi vì sự ngoan ngoãn và kỷ luật, cũng như ý thức độc lập. Để được điều đó, người mẹ phải rèn giũa từ khi đứa con còn nhỏ.\r\n\r\nNhững quy tắc mà mẹ Nhật luôn dạy con bao gồm:\r\n\r\nHọc cách nói lời chào, cảm ơn, xin lỗi\r\n\r\nNgười Nhật quan trọng lễ nghi, vì thế mẹ Nhật luôn dạy con biết chào hỏi, cảm ơn, xin lỗi. Trẻ được dạy cách cúi mình chào mọi người, nói lời cảm ơn khi được hỗ trợ, giúp đỡ, nói lời xin lỗi khi gây rắc rối cho người khác. Trẻ Nhật được dạy chào hỏi kể cả người lạ, điều này giúp chúng có thêm sự tự tin và kỹ năng tương tác trong cộng đồng.\r\n\r\nỞ Nhật, trẻ từ cũng được gia đình dạy phải hết sức tôn trọng người lớn tuổi. Trẻ 3 tuổi đã hoàn toàn quen thuộc với việc cúi chào người lớn.\r\n\r\nHọc xếp hàng\r\n\r\nDù đi bất cứ nơi đâu như siêu thị, trường học, bến xe bus... trẻ đều được dạy phải xếp hàng, tuyệt đối không bao giờ chen lấn, xô đẩy. Điều này khiến \"văn hóa xếp hàng\" trở nên vô cùng nổi tiếng ở Nhật.\r\nKhông gây ồn ào nơi công cộng\r\n\r\nTrẻ được mẹ rèn luyện về việc giữ âm lượng ở mức đủ nghe, không để người thứ ba nghe thấy. Điều này giúp trẻ rèn luyện thói quen kiểm soát âm lượng giọng nói, không gây ồn ào nơi công cộng và làm ảnh hưởng tới người khác.\r\n\r\nViệc rèn luyện này của mẹ Nhật cũng giúp trẻ hiểu quy tắc: khi đi ra nơi công cộng, không phải thích làm gì thì làm, nói gì thì nói, mà còn cần phải xem tác động và ảnh hưởng từ việc làm của mình tới người xung quanh. Thế nên, trẻ được dạy khi nói chuyện với ai đó thì hãy đến tận nơi, nói chuyện trực tiếp, thay vì nói vọng từ xa gây ảnh hưởng tới người khác.\r\n\r\nNgười Nhật rất tôn trọng cộng đồng, vì thế, mẹ Nhật rèn giũa con từ nhỏ rằng luôn luôn nghĩ đến người khác và hành xử phù hợp, không để cảm xúc bản thân bộc lộ nơi công cộng.\r\n\r\nGia đình là chỗ dựa\r\n\r\nNgười Nhật đề cao giá trị gia đình. Cha mẹ là chỗ dựa đáng tin cậy nhất đối với con cái, vì thế mẹ Nhật luôn khuyến khích con chia sẻ những suy nghĩ, tâm sự của mình với cha mẹ. Khi con có điều gì không vui, thay vì giữ tất cả trong lòng, cách tốt nhất là nên trò chuyện. Chiều ngược lại, phụ huynh cho thấy thái độ sẵn sàng lắng nghe và cởi mở chia sẻ.\r\n\r\nTrong văn hóa Nhật, tình yêu, sự kiên nhẫn và lòng khoan dung là nền tảng của mối quan hệ giữa mẹ và con. Điều đó có nghĩa là trẻ em có thể dựa vào cha mẹ vô điều kiện. Kết nối giữa con cái và mẹ đặc biệt chặt chẽ. Khi trẻ còn nhỏ, mẹ thường ngủ cùng, là người trực tiếp địu trẻ và chăm chút chúng. Người mẹ khuyến khích con cái tương tác, chia sẻ với mình.\r\n\r\nMột nghiên cứu được thực hiện bởi các nhà khoa học Mỹ và Nhật Bản từng chứng minh rằng thái độ tích cực của cha mẹ làm giảm nguy cơ hành vi có vấn đề ở trẻ, đồng thời giúp cải thiện hành vi của trẻ bị rối loạn phát triển.\r\n\r\nĐừng nói dối\r\n\r\nTrung thực luôn là phẩm chất được đánh giá cao với người Nhật. Mẹ Nhật dạy con rằng nói dối để lừa mọi người sẽ chỉ khiến bạn bè xa lánh, người thân thiếu tin tưởng. Việc mất đi thứ quý giá nhất là niềm tin sẽ khiến mỗi người phải hối hận.\r\n\r\nÝ định của người nói dối không gì hơn là che đậy sự thật, trẻ em cũng không nằm trong ngoại lệ. Vì vậy, khi trẻ nói dối, phản ứng đầu tiên của cha mẹ luôn là thái độ khoan dung, sẵn sàng trao đổi thẳng thắn, cầu thị để trẻ không bị gánh nặng tâm lý.\r\n\r\nĐồ nhặt được sẽ phải được trao trả cho người mất\r\n\r\nĐây là một trong những quy tắc quan trọng mà cha mẹ Nhật đặt ra cho con. Điều này giúp con hiểu về việc không được sử dụng tài sản của người khác, và khi nhặt được của rơi, phải tìm cách trả lại cho người mất. Điều này cũng lý giải vì sao ở Nhật, các món đồ thất lạc rất dễ tìm về với chủ.\r\n\r\nMột thử nghiệm thực tế tại Nhật Bản, do Hội Chữ thập đỏ Nhật Bản thực hiện cách đây ít lâu cho thấy, trẻ em Nhật khi nhặt được ví tiền đều tìm mọi cách để trả lại chủ nhân nếu chúng thấy họ đánh rơi đồ, hoặc chúng sẽ mang tới đồn cảnh sát.\r\n\r\nKhông bỏ phí thực phẩm\r\n\r\nTrước khi bước vào bữa ăn, trẻ được mẹ dạy nói thầm \"Itadakimasu\", hàm ý cảm ơn những thực vật, động vật đã góp phần để trẻ có được bữa ăn ngon. Câu này cũng có nghĩa là \"Tôi sẽ ăn ngon miệng\". Điều này cũng rèn luyện trẻ phải ăn hết đồ ăn trong đĩa, không được bỏ phí vì bất cứ lý do nào.\r\n\r\nNgoài ra, khi người lớn gắp thức ăn cho trẻ, nhưng nếu không thích, trẻ được dạy nói \"con no rồi\", thay vì tỏ thái độ xấu trước thiện chí của người khác.', 'Ứng xử ‘nằm lòng’ cha mẹ Nhật luôn dạy con', 'Biết chào hỏi người lạ, thật thà… là những gì mẹ Nhật trang bị cho con trong suốt quá trình nuôi dạy.\r\n\r\nTrẻ em Nhật Bản luôn được khen ngợi vì sự ngoan ngoãn và kỷ luật, cũng như ý thức độc lập. Để được điều đó, người mẹ phải rèn giũa từ khi đứa con còn nhỏ.', 0, '2020-04-21 01:57:04', '2020-04-21 01:57:04'),
(42, 'Bộ tranh cổ động mọi người chống dịch', 'bo-tranh-co-dong-moi-nguoi-chong-dich', 'uploads/news/1587459482_HINH-1-1797-1587386498.png', 1, 1, 0, 10, NULL, 'Với thông điệp không la cà quán xá, hãy ở nhà, đừng chia sẻ tin sai lệch..., bộ tranh được tái hiện qua nét vẽ sinh động, kêu gọi tuân thủ giãn cách xã hội.\r\n\r\n\"Gió đưa cành trúc la đà - Muốn không dương tính, ở nhà giùm đi\", \"Cách ly chất lượng bạn ơi - Không share tin vịt làm người hoang mang\"... là những câu khẩu hiệu trong bộ tranh cổ động vừa đăng tải trên fanpage VnExpress và fanpage Neptune Cooking Oil đang được cộng đồng hưởng ứng.\r\n\r\nBộ tranh (gồm sáu tranh) nhằm kêu gọi mọi người thực hiện giãn cách xã hội trong không khí lạc quan, vui tươi, cũng là cùng góp sức, chung tay với toàn dân chống dịch, đẩy lùi Covid-19. Bộ tranh với thông điệp ý nghĩa, đánh trúng tâm lý của nhiều người đã nhận được rất nhiều tương tác chỉ sau vài giờ đăng tải.                 \r\n\r\nMỗi bức tranh là một lời kêu gọi thiết thực: tự nguyện cách ly trong không khí vui vẻ, đồng lòng cấp báo khi có bệnh, nói không với việc chia sẻ thông tin sai lệch, quyết không la cà quán xá, về nhà ăn cơm với gia đình...\r\n\r\nBộ tranh là sáng kiến của nhãn hàng Neptune nhằm khuyến khích mọi người biến thời gian giãn cách xã hội thành \"Thời gian chất lượng điểm 10\".', 'Bộ tranh cổ động mọi người chống dịch', 'Với thông điệp không la cà quán xá, hãy ở nhà, đừng chia sẻ tin sai lệch..., bộ tranh được tái hiện qua nét vẽ sinh động, kêu gọi tuân thủ giãn cách xã hội.', 0, '2020-04-21 01:58:02', '2020-04-21 01:58:02'),
(43, 'Những nhà trọ ấm tình người', 'nhung-nha-tro-am-tinh-nguoi', 'uploads/news/1587459543_IMG-20200416-211640-9639-1587310156.jpg', 1, 1, 0, 10, NULL, 'Anh Duy ở Kon Tum xây 12 phòng trọ miễn phí cho những người khó khăn, còn chị Hưởng ở TP Nha Trang bỏ tiền túi thuê trọ cho người thất nghiệp tránh Covid-19.\r\n\r\nChiều ngày giữa tháng 4, anh Trần Quang Duy, 36 tuổi, đi bộ hơn 200 mét từ nhà ra khu trọ ở tổ dân phố số 4, thị trấn Đắk Hà, Kon Tum bật nước tưới tắm cho cây cối trong vườn.\r\n\r\nNhìn thấy anh, chị Phương Lê (34 tuổi), một khách ở trọ miễn phí gần 2 năm cười bẽn lẽn: \"Em bảo ở nhờ anh một năm rồi đi mà tới giờ vẫn chưa xoay xở được\". Anh Duy động viên: \"Nếu khó khăn cứ ở, không phải ngại. Còn trẻ, còn vất vả là đương nhiên. Cứ cố gắng trời sẽ không phụ công mình cô ạ\".  \r\n\r\nChị Phương Lê không phải là khách trọ duy nhất được hưởng \"ưu đãi\". Ông chủ Trần Quang Duy đã bỏ ra hơn 3 tỷ đồng xây 12 phòng trọ làm nơi ở miễn phí cho những người nghèo hoặc có hoàn cảnh khó khăn.\r\n\r\nÔng chủ nhà trọ này sinh ra và lớn lên trong một gia đình nghèo khó ở TP HCM. \"Tôi từng được rất nhiều người cưu mang, trong đó có vị sư trụ trì một ngôi chùa ở Sài Gòn hỗ trợ từ lúc nhỏ đến khi học hết cao đẳng. Tôi vẫn nhớ lời thầy \'đừng nghĩ đến chuyện trả ơn thầy mà hãy cố gắng thành công để giúp đỡ những người khác\", Duy nói, từ chối kể nhiều về quá khứ của mình.\r\n\r\nKhi rời Sài Gòn về Kon Tum, anh cùng vợ mở hiệu thuốc và kinh doanh trong lĩnh vực bất động sản. Khấm khá, năm 2017, Duy xây dựng ngôi nhà hai tầng cho gia đình ở thị trấn Đắk Hà, đồng thời xây dãy trọ bốn phòng cho người khó khăn trọ miễn phí. Một năm sau, Duy mua đất xây thêm 8 phòng mới. Tổng chi phí xây dựng hơn 3 tỷ. Khách đến trọ được miễn phí, chỉ phải chi tiền điện, nước phục vụ sinh hoạt.', 'Những nhà trọ ấm tình người', 'Anh Duy ở Kon Tum xây 12 phòng trọ miễn phí cho những người khó khăn, còn chị Hưởng ở TP Nha Trang bỏ tiền túi thuê trọ cho người thất nghiệp tránh Covid-19.', 0, '2020-04-21 01:59:03', '2020-04-21 01:59:03'),
(44, 'Cuộc sống lạc quan nơi tuyến đầu chống dịch', 'cuoc-song-lac-quan-noi-tuyen-dau-chong-dich', 'uploads/news/1587459601_38cffb560a00f05ea911-5984-1587183044.jpg', 1, 1, 0, 10, NULL, '“Hết cách ly, việc đầu tiên tôi làm là về nhà, rồi đưa vợ đi chơi, đi ăn để bù đắp những ngày xa cách”, chàng bác sĩ trẻ mỉm cười mơ màng.\r\n\r\nTình nguyện trực chiến ở bệnh viện Dã chiến Củ Chi (TP HCM), bác sĩ Huỳnh Hồng Phát, 30 tuổi, đã không gặp bố mẹ và người vợ mới cưới năm ngoái suốt hơn một tháng nay. Hôm biết anh lên tuyến đầu chống Covid-19, bố mẹ và vợ thoáng chút lo lắng, nhưng tất cả đều ủng hộ anh. Một ngày giữa tháng ba, anh gom chút quần áo, điện thoại và laptop chuyển \"hộ khẩu\" vào đây, tập trung chống dịch. Mỗi tối không phải trực, sau 20h, anh mở điện thoại, gọi facetime về cho vợ để thỏa nỗi nhớ.    \r\n\r\nTrừ việc không được ở bên gia đình, đối với bác sĩ Phát, công việc và cuộc sống ở bệnh viện tuyến đầu không có gì khác biệt và nguy hiểm như nhiều người lo sợ, dù đây là bệnh viện tiếp nhận đa số các ca dương tính với nCoV của thành phố. \"Mỗi khi có bệnh nhân mới nhập viện, chúng tôi vẫn tiếp đón bình thường, không thấy sợ gì vì đã thực hiện các biện pháp bảo hộ cho mình đầy đủ. Khi có bệnh nhân xuất viện thì thực sự vui, vì biết công việc mình làm có hiệu quả\", bác sĩ chia sẻ.    \r\n\r\nTại bệnh viện dã chiến với 300 giường bệnh xây trong khuôn viên đầy cây xanh của trường Quân sự thành phố ở ấp Bàu Đưng, xã Nhuận Đức, huyện Củ Chi, Hồng Phát và các đồng nghiệp tự nâng cao sức khỏe thể chất và tinh thần cho bản thân bằng những hoạt động chạy bộ, đạp xe, hay chơi cầu lông. Trong các hoạt động tập thể đó, tất cả đều có ý thức giữ gìn an toàn, đeo khẩu trang và cách người gần nhất tối thiểu hai mét.\r\n\r\nTừ hôm 9/4, khi xe cà phê Ông Bầu xuất hiện ở khu hành chính, mỗi sáng, bác sĩ Phát có thêm niềm vui được thưởng thức món đồ uống yêu thích của mình, giúp anh có một ngày làm việc tỉnh táo và hiệu quả hơn. \"Thức uống cũng đa dạng, hình thức bắt mắt và thơm ngon, mát lạnh. Giờ tôi biết tới thương hiệu cà phê Ông Bầu rồi, sau này khi hết dịch nhất định vẫn sẽ tìm quán để mua tiếp\", anh chia sẻ.', 'Cuộc sống lạc quan nơi tuyến đầu chống dịch', '“Hết cách ly, việc đầu tiên tôi làm là về nhà, rồi đưa vợ đi chơi, đi ăn để bù đắp những ngày xa cách”, chàng bác sĩ trẻ mỉm cười mơ màng.', 0, '2020-04-21 02:00:01', '2020-04-21 02:00:01'),
(45, 'Những bức tranh thêu trên khẩu trang', 'nhung-buc-tranh-theu-tren-khau-trang', 'uploads/news/1587459683_linh.jpg', 1, 1, 0, 10, NULL, 'Mùa dịch Covid-19, khẩu trang là vật bất ly thân của tất cả mọi người. Với nhiều phụ nữ, chiếc khẩu trang không chỉ có tác dụng phòng ngừa dịch bệh mà còn là thứ để làm đẹp. Và ý tưởng thêu khẩu trang ra đời.\r\n\r\nHà Linh, một nữ nhân viên kế toán ở Hà Nội cho biết mình thích thêu từ hơn một năm trước, ban đầu chỉ nhằm mục đích giải tỏa stress rồi dần dần đam mê. Linh thêu khẩu trang từ cuối năm 2019 để tự dùng, sau đó tặng đồng nghiệp, thỉnh thoảng có người đặt hàng. \r\nĐể làm khẩu trang, bước đầu tiên là cắt vải. Linh sử dụng ba lớp vải gồm lớp ngoài cùng là linen, lớp giữa là vải không dệt dùng may khẩu trang y tế, lớp trong là vải lụa hoặc lan nhằm tạo sự mềm mại khi tiếp xúc với da. Cắt vải xong, Linh vẽ mẫu, thêu rồi may.', 'Những bức tranh thêu trên khẩu trang', 'Nhờ tài thêu thùa, nhiều chị em Việt biến chiếc khẩu trang vải đơn điệu biến thành những bức tranh đầy màu sắc.', 0, '2020-04-21 02:01:23', '2020-04-21 02:01:23'),
(46, 'Bán poster ‘Ở nhà là yêu nước’, góp gạo cho người nghèo', 'ban-poster-o-nha-la-yeu-nuoc-gop-gao-cho-nguoi-ngheo', 'uploads/news/1587459749_propaganda-covid19-f-158713803-1925-9260-1587138683.jpg', 1, 1, 0, 10, NULL, 'TP HCMLê Đức Hiệp, tác giả poster “Ở nhà là yêu nước” được báo chí quốc tế ca ngợi, đã quyết định bán tranh để đóng góp vào ATM gạo cho người nghèo.\r\n\r\n\"Poster cổ động - một trong những món quà lưu niệm được du khách nước ngoài ưa thích - đã tái sinh giữa thời đại dịch ở Việt Nam. Tấm poster mang dáng dấp của một bức tranh cổ động thời chiến, nội dung là lời kêu gọi người dân thực hiện cách ly xã hội \"Ở nhà là yêu nước\", đã xuất hiện trên nhiều đường phố. Tác giả của nó là một họa sĩ trẻ có tên Lê Đức Hiệp\". Đó là lời giới thiệu của hãng thông tấn Đức (DPA) trong bài viết với tiêu đề \"Việt Nam dùng tranh cổ động trong cuộc chiến với virus corona\".\r\n\r\nĐây không phải là bài viết đầu tiên của một cơ quan truyền thông nước ngoài về \"vũ khí tranh cổ động\" của Việt Nam để chống lại Covid-19. Trước đó, tờ The Guardian (Anh) cũng có bài viết nhắc đến cái tên Lê Đức Hiệp.', 'Bán poster ‘Ở nhà là yêu nước’, góp gạo cho người nghèo', 'TP HCMLê Đức Hiệp, tác giả poster “Ở nhà là yêu nước” được báo chí quốc tế ca ngợi, đã quyết định bán tranh để đóng góp vào ATM gạo cho người nghèo.', 0, '2020-04-21 02:02:29', '2020-04-21 02:02:29'),
(47, 'Ba bước đơn giản để đóng góp trực tuyến cho tuyến đầu chống dịch', 'ba-buoc-don-gian-de-dong-gop-truc-tuyen-cho-tuyen-dau-chong-dich', 'uploads/news/1587459828_2-1-png-1587103579-4457-1587103632.png', 1, 1, 0, 10, NULL, 'Cộng đồng có thể truy cập chuyên trang Quỹ Hy vọng trên Lazada, chọn giá trị đóng góp và thanh toán để gửi hỗ trợ đến lực lượng tuyến đầu chống Covid-19.\r\n\r\nChị Thu Hương (ngụ quận 8, TP HCM) là một trong những người đầu tiên đóng góp cho chương trình \"Chung tay chống dịch Covid-19\" trên nền tảng thương mại điện tử. Ngay khi đọc tin khởi động chương trình vào tối ngày 15/4, chị đã truy cập ngay vào Lazada để đóng góp cho lực lượng y tế, công an và quân nhân đang \"trực chiến\" chống đại dịch.       \r\n\r\n\"Tôi là một người nghiện mua sắm online, nên tôi cảm thấy rất hào hứng khi có thể quyên góp chống dịch chỉ bằng các thói quen hàng ngày của mình: lướt shop, chọn hàng vào giỏ hàng và thanh toán. Các gói đóng góp cũng đa dạng từ 10.000 đến 20 triệu đồng để người dùng dễ dàng lựa chọn\", chị Hương nhận xét.', 'Ba bước đơn giản để đóng góp trực tuyến cho tuyến đầu chống dịch', 'Cộng đồng có thể truy cập chuyên trang Quỹ Hy vọng trên Lazada, chọn giá trị đóng góp và thanh toán để gửi hỗ trợ đến lực lượng tuyến đầu chống Covid-19.', 0, '2020-04-21 02:03:48', '2020-04-21 02:03:48'),
(48, 'Món quà khó quên của chiến sĩ khu cách ly', 'mon-qua-kho-quen-cua-chien-si-khu-cach-ly', 'uploads/news/1587459893_Trung-ta-Nguyen-Nham-A-trai-8411-1586847084.jpg', 1, 1, 0, 10, NULL, 'Món quà ấm lòng người chiến sĩ\r\n\r\nBuổi tối một ngày đầu tháng 4, các chiến sĩ gác cổng Trung tâm cách ly tập trung phòng chống Covid-19 ở ký túc xá Đại học Quốc gia TP HCM thay phiên nhau giữ nguyên vị trí, bảo đảm an ninh ra vào tại đây. Khoảng 19h, Trung tá Nguyễn Nhâm, Phó giám đốc trung tâm nhận thông tin vài thanh niên mang đến hai cần xé bánh mì chả cho các chiến sĩ ăn lấy sức. Bên trong có khoảng vài chục ổ được gói cẩn thận kèm theo tờ giấy A4 với dòng chữ viết tay \"Gửi tặng các anh, các chú chiến sĩ ăn lót dạ vì đã luôn vất vả trong công cuộc chống dịch\".      \r\n\r\nMón quà giản đơn, mộc mạc khiến các chiến sĩ cảm động. Trung tá Nhâm cho biết: \"Món quà quý chẳng phải ở giá trị mà nó chất chứa nhiều tình cảm, tấm chân tình của cộng đồng\".\r\n\r\nĐó không phải món quà khó quên duy nhất người dân gửi tặng các chiến sĩ. Cách đây không lâu, một cặp vợ chồng có lòng hảo tâm, muốn góp chút lương thực, ủng hộ tuyến đầu chống dịch. Trước khi mang đồ đến quyên tặng, họ đến tận nơi hỏi thăm, xem xét các anh thiếu thốn thứ gì để sắm đúng món mọi người cần.\r\n\r\n\"Ngày ghé lại, hai vợ chồng tay xách nách mang, tiếp tế thêm nào gạo, dầu ăn, mì gói, bí đỏ... thậm chí cả vịt xiêm cho mọi người bồi bổ\", Trung tá Nhâm kể lại.\r\n\r\nKhông chỉ cá nhân, nhiều tổ chức, công ty cũng đã đến thăm và chia sẻ với các chiến sĩ, nhân viên đang làm việc tại các khu cách ly.\r\n\r\nTiếp thêm sức mạnh và tinh thần để các chiến sĩ tiếp tục cống hiến hết mình vì mục tiêu \"chống dịch như chống giặc\", ngày 13/4, lãnh đạo Công ty cổ phần thực phẩm dinh dưỡng NutiFood đã đến thăm và tặng quà cho các chiến sĩ đang làm nhiệm vụ ở Trung tâm cách ly tập trung phòng chống Covid-19 thuộc ký túc xá Đại học Quốc gia TP HCM.', 'Món quà khó quên của chiến sĩ khu cách ly', 'Hai cần xé bánh mì chả kèm lời động viên người dân gửi tặng tiếp sức chiến sĩ gác đêm tại khu cách ly Đại học Quốc gia TP HCM chống dịch.', 0, '2020-04-21 02:04:53', '2020-04-21 02:04:53'),
(49, 'Làm gì để những ngày giãn cách xã hội thật chất lượng?', 'lam-gi-de-nhung-ngay-gian-cach-xa-hoi-that-chat-luong', 'uploads/news/1587459968_HINH-6-6748-1587200857.png', 1, 1, 0, 10, NULL, 'Từ nay đến hết ngày 22/4, độc giả chia sẻ cách dùng thời gian giãn cách xã hội có ý nghĩa, chất lượng, sẽ có cơ hội nhận giải thưởng giá trị.\r\n\r\nTrên mạng xã hội vừa xuất hiện bộ tranh cổ động với thông điệp kêu gọi cộng đồng sử dụng thời gian giãn cách xã hội để làm những việc có ý nghĩa cho gia đình và bản thân. Đây là bộ tranh do nhãn hàng dầu ăn Neptune sáng tác như lời động viên mọi người giữ vững tinh thần lạc quan, biến thời gian ở nhà đạt chuẩn chất lượng điểm 10, tiếp tục nghiêm túc thực hiện giãn cách xã hội đến 22/4.\r\nBộ tranh gồm sáu bức tranh, ghi lại các khoảnh khắc đáng quý của gia đình trong thời gian giãn cách như giúp mẹ nấu ăn, kèm con học bài hay giúp bà xỏ kim... Bộ tranh nhanh chóng nhận được sự hưởng ứng tích cực của cộng đồng mạng bởi cách thể hiện thú vị.\r\nTài khoản Facebook Phuong Anh chia sẻ: \"Đúng là khi nghe giãn cách xã hội kéo dài đến 22/4, mình cũng như mọi người, có chút nản lòng vì khá lâu rồi không được gặp gỡ bạn bè, la cà quán xá... Tuy nhiên, khi xem bộ tranh, mình mới sực nhận ra thay vì buồn chán thì có thể biến những ngày sắp tới trở thành thời gian chất lượng, làm những điều tưởng chừng đơn giản nhưng ngày thường bận rộn ít khi làm được\".', 'Làm gì để những ngày giãn cách xã hội thật chất lượng?', 'Từ nay đến hết ngày 22/4, độc giả chia sẻ cách dùng thời gian giãn cách xã hội có ý nghĩa, chất lượng, sẽ có cơ hội nhận giải thưởng giá trị.', 0, '2020-04-21 02:06:08', '2020-04-21 02:06:08'),
(50, 'Red Dead Redemption 2 gia nhập thư viện game Xbox Game Pass', 'red-dead-redemption-2-gia-nhap-thu-vien-game-xbox-game-pass', 'uploads/news/1587825455_esport1.jpg', 1, 1, 0, 11, NULL, 'Ra mắt vào năm 2017, Xbox Game Pass là dịch vụ trả phí hàng tháng (từ 9,99 đến 14,99 USD) cho phép game thủ truy cập vào thư viện lên đến hàng trăm tựa game (dành cho cả Xbox One và PC), sau đó tải và trải nghiệm miễn phí bất kỳ tựa game nào. Dĩ nhiên, với điều kiện bạn phải thanh toán tiền dịch vụ mỗi tháng đều đặn tương tự như Netflix. Sắp tới vào ngày 07.05, \"bom tấn\" Red Dead Redemption 2 sẽ gia nhập vào thư viện Xbox Game Pass.\r\nĐây được xem là tin rất vui cho người sử dụng dịch vụ Xbox Game Pass, bởi lẽ Red Dead Redemption 2 vốn dĩ không phải là sản phẩm được phát triển bởi studio trực thuộc hệ sinh thái Microsoft, nên việc trò chơi có mặt trên Xbox Game Pass chỉ sau hơn 1 năm phát hành chính thức là một điều khá bất ngờ. Tính đến thời điểm hiện tại, Red Dead Redemption 2 đã bán được hơn 30 triệu bản, và được giới chuyên môn lẫn cộng đồng game thủ đánh giá cực cao.', '\"Siêu phẩm\" Red Dead Redemption 2 sẽ đến tay người dùng dịch vụ Xbox Game Pass vào ngày 07.05.', 'với điều kiện bạn phải thanh toán tiền dịch vụ mỗi tháng đều đặn tương tự như Netflix. Sắp tới vào ngày 07.05, \"bom tấn\" Red Dead Redemption 2 sẽ gia nhập vào thư viện Xbox Game Pass.', 0, '2020-04-25 07:28:45', '2020-04-25 07:37:35'),
(52, 'Tất tần tật về giải đấu PUBG Việt Nam đại chiến Thái Lan', 'tat-tan-tat-ve-giai-dau-pubg-viet-nam-dai-chien-thai-lan', 'uploads/news/1587825487_pugb-12_chdp.jpg', 1, 1, 0, 11, NULL, 'Ban tổ chức sẽ chọn ra 8 đội trưởng ở mỗi nước và các đội trưởng này sẽ tìm thêm 3 người để chọn ra đội hình xuất sắc nhất của mình, với điều kiện mỗi đội không được có quá 2 thành viên cùng thuộc một đội tuyển chuyên nghiệp. Đặc biệt hơn, trong 8 đội trưởng ở mỗi nước sẽ có 1 đội trưởng là nữ game thủ tham dự. \r\nHiện tại danh sách 16 đội trưởng Việt Nam và Thái Lan đã được ban tổ chức công bố:\r\n8 đội trưởng Việt Nam:\r\nVietnam Spirit : Sapauu\r\nVietnam Legend : Leviz\r\nVietnam Berserk : BAsill\r\n Vietnam Navy : Nickyyy\r\n Vietnam Jokers : JJLeo\r\n Vietnam X-men : Ssubang\r\n Vietnam Immortal : IQ500\r\n Vietnam Ultra : Unicorn\r\n8 đội trưởng Thái Lan:\r\nThailand Delta : Duckmanz\r\nThailand Hammer : Hon_boya\r\nThailand Tango : Tongk-\r\nThailand Jester : Justmoment\r\nThailand Cannon : Conaxy\r\nThailand Yager : Yoshiminburi\r\n Thailand Mighty : Minoru\r\nThailand Nova : Nnewys', 'Ban tổ chức vừa giới thiệu chi tiết về giải đấu PUBG Nations All Star Summit quy tụ 16 đội trưởng hàng đầu của Việt Nam và Thái Lan', 'Giải đấu PUBG siêu hấp dẫn với tổng giải thưởng lên tới 5,000 USD sẽ là trận tranh tài đỉnh cao giữa Việt Nam và Thái Lan.', 0, '2020-04-25 07:31:44', '2020-04-25 07:38:07'),
(56, 'Riot Games vừa cấm một trường hợp hack đầu tiên trong Valorant', 'riot-games-vua-cam-mot-truong-hop-hack-dau-tien-trong-valorant', 'uploads/news/1587825283_esport4.jpg', 1, 1, 0, 11, 'gg.lo', 'Trước đây, Riot Games đã cam kết rằng mình sẽ xử lý mạnh và hạn chế vấn nạn hack. Tuy nhiên việc lộ bản hack sớm như vậy đã khiến không ít game thủ bị lung lay niềm tin.\r\nTrong nỗ lực chống hack nhìn xuyên tường, Valorant đã giới thiệu hệ thống sương mù (fog-of-war). Theo đó, hệ thống này dùng để hạn chế việc hacker có thể nhìn thấy toàn bộ người chơi khác kể cả khi không đứng gần. Nhưng có vẻ như hệ thống này vẫn chưa phải hoàn hảo khi chỉ vài ngày đã có hack xuyên tường.\r\n>> Khi chính thức ra mắt, Valorant sẽ có tổng cộng 4 bản đồ 12 điệp viên\r\n\r\nNgoài hệ thống sương mù, Valorant cũng giới thiệu hệ thống chống gian lận có tên Vanguard. Hệ thống này sẽ liên tục được cập nhật để phát hiện và cấm người chơi gian lận ngay lập tức.\r\nCó thể nói rằng hack trong những tựa game FPS luôn là vấn nạn không chỉ khiến game thủ mà cả nhà phát hành đau đầu. Dù rằng Valorant vẫn chỉ đang trong giai đoạn closed beta, tuy nhiên nếu Riot muốn tiếp tục nhận được sự ủng hộ của game thủ thì họ cần phải giải quyết vấn nạn này trong thời gian ngắn nhất.', 'Có lẽ Valorant cần phải cải thiện hệ thống chống hack ngay và luôn để game thủ có thể trải nghiệm game một cách tốt nhất.', 'Trong nỗ lực chống hack nhìn xuyên tường, Valorant đã giới thiệu hệ thống sương mù (fog-of-war). Theo đó, hệ thống này dùng để hạn chế việc hacker có thể nhìn thấy toàn bộ người chơi khác kể cả khi không đứng gần. Nhưng có vẻ như hệ thống này vẫn chưa phải hoàn hảo khi chỉ vài ngày đã có hack xuyên tường.', 0, '2020-04-25 07:34:43', '2020-04-25 07:34:43'),
(59, 'Closers – Chiến dịch thanh lọc, đại chiến cùng 3 Boss khủng', 'closers-chien-dich-thanh-loc-dai-chien-cung-3-boss-khung', 'uploads/news/1587825974_image004_kzqk.jpg', 1, 1, 0, 11, 'gg.lo', 'Việc xuất hiện 3 Boss mới đến từ vũ trụ, cùng nhiệm vụ nghẹt thở trong chiến dịch thanh lọc và mở rộng lên level 83 đã khiến cho các Closers háo hức không yên. Hầm ngục mới đầy bí ẩn đã thu hút các game thủ thử sức để chinh phục cánh cổng 2 chiều: tầng sâu, tham gia hoạt động thanh lọc và thu thập nguyên liệu thô để chế tạo [Viên nang Chất Thanh Tẩy] và dùng nó để tiến vào trận chiến đầy gay cấn và hồi hộp với 3 tên trùm: Yod, Tindalos và Harpas – một trong những boss khủng với độ khó cao nhất từ trước đến nay. Khi dấn thân vào nhiệm vụ trong hầm ngục [Hoạt động thanh lọc] các Closers sẽ phải chiến đấu không ngừng với những minion xấu xa, khám phá bí ẩn về điều gì đã khiến những minion này tự làm ô nhiễm chính mình để trở thành kẻ ác, những tên trùm đã làm gì vấy bẩn thế giới. Nhiệm vụ của Closers chính là tìm ra đáp án, biến những minion này trở lại và thanh lọc 3 tên trùm độc ác.', 'Chiến đấu cùng những tên trùm đến từ vũ trụ, chúng đã làm gì để khiến cho những con người vô tội bị vấy bẩn, tự ô nhiễm chính bản thân mình.', '[Hoạt động thanh lọc] các Closers sẽ phải chiến đấu không ngừng với những minion xấu xa, khám phá bí ẩn về điều gì đã khiến những minion này tự làm ô nhiễm chính mình để trở thành kẻ ác, những tên trùm đã làm gì vấy bẩn thế giới. Nhiệm vụ của Closers chính là tìm ra đáp án, biến những minion này trở lại và thanh lọc 3 tên trùm độc ác.', 0, '2020-04-25 07:46:14', '2020-04-25 07:46:14');
INSERT INTO `news` (`id`, `name`, `slug`, `image`, `is_hot`, `is_active`, `views`, `category_id`, `url`, `content`, `meta_title`, `meta_description`, `user_id`, `created_at`, `updated_at`) VALUES
(60, 'Khai trương phòng game Gaming Gang cho game thủ Đà Lạt', 'khai-truong-phong-game-gaming-gang-cho-game-thu-da-lat', 'uploads/news/1587826056_gaminggang2_qbyd.jpg', 1, 1, 0, 11, 'gg.lo', 'Cụ thể, 60 máy tính thuộc phòng VIP 1 và 20 máy tính của khu vực VIP 2 sử dụng vi xử lý AMD Ryzen 2600X, VGA MSI 1660 – 6Gb, Ram 16Gb, màn hình LCD MSI 27 inch G271C 144Hz 1ms, FreeSync, Gear Gaming.\r\n\r\nCó tổng cộng 10 máy ở khu vực VIP 3 dành cho những người hút thuốc, với cấu hình mạnh hơn tương đối so với VIP 1 và 2, dù vẫn giữ nguyên CPU: Vi xử lý AMD Ryzen 2600X, VGA MSI 2070 Super, Ram 16GB, LCD MSI 32 inch G32CQ 2K 144Hz 1ms, FreeSync, Gear Gaming.\r\n\r\nCác phòng Đôi và phòng Riêng có cấu hình mới nhất hiện nay, bao gồm vi xử lý AMD Ryzen 3500X, VGA MSI 2070 Super, Ram 16GB, LCD MSI 27” G271C 144Hz 1ms, FreeSync, Gear Gaming.', 'Gaming Gang là một phòng máy sử dụng vi xử lý AMD Ryzen Series 2000 và 3000 cho tất cả các hệ thống của mình', 'Các phòng Đôi và phòng Riêng có cấu hình mới nhất hiện nay, bao gồm vi xử lý AMD Ryzen 3500X, VGA MSI 2070 Super, Ram 16GB, LCD MSI 27” G271C 144Hz 1ms, FreeSync, Gear Gaming.', 0, '2020-04-25 07:47:36', '2020-04-25 07:47:36'),
(62, 'Valve đăng kí bản quyền Steam Controller với các nút bấm thay đổi được', 'valve-dang-ki-ban-quyen-steam-controller-voi-cac-nut-bam-thay-doi-duoc', 'uploads/news/1587826267_steamcontroller1_jedp.jpg', 1, 1, 0, 11, 'gg.lo', 'Thực tế cho thấy, những bằng chứng mới về phiên bản Steam Controller được nâng cấp được rò rỉ trong tuần rồi, nhờ vào hồ sơ đăng kí bằng sáng chế của Valve.\r\nBằng sáng chế được chia sẻ là dành cho một thiết bị Steam Controller có nút bấm thay đổi được, tương tự như cần điều khiển của Xbox Elite. Bạn có thể thay đổi các thanh điều khiển analogue hoặc nút điều hướng theo ý thích.', 'Vào cuối năm ngoái, Valve chính thức chấm dứt dự án Steam Controller. Tuy nhiên, điều này không đồng nghĩa với việc sản phẩm hoàn toàn bị khai tử.', 'Bằng sáng chế được chia sẻ là dành cho một thiết bị Steam Controller có nút bấm thay đổi được, tương tự như cần điều khiển của Xbox Elite. Bạn có thể thay đổi các thanh điều khiển analogue hoặc nút điều hướng theo ý thích.', 0, '2020-04-25 07:51:07', '2020-04-25 07:51:07');

--
-- Chỉ mục cho các bảng đã đổ
--

--
-- Chỉ mục cho bảng `admin`
--
ALTER TABLE `admin`
  ADD PRIMARY KEY (`id`);

--
-- Chỉ mục cho bảng `banners`
--
ALTER TABLE `banners`
  ADD PRIMARY KEY (`id`),
  ADD UNIQUE KEY `banners_slug_unique` (`slug`);

--
-- Chỉ mục cho bảng `categories`
--
ALTER TABLE `categories`
  ADD PRIMARY KEY (`id`),
  ADD UNIQUE KEY `categories_slug_unique` (`slug`);

--
-- Chỉ mục cho bảng `migrations`
--
ALTER TABLE `migrations`
  ADD PRIMARY KEY (`id`);

--
-- Chỉ mục cho bảng `news`
--
ALTER TABLE `news`
  ADD PRIMARY KEY (`id`),
  ADD KEY `news_slug_index` (`slug`),
  ADD KEY `categoryid` (`category_id`);

--
-- AUTO_INCREMENT cho các bảng đã đổ
--

--
-- AUTO_INCREMENT cho bảng `admin`
--
ALTER TABLE `admin`
  MODIFY `id` int(10) UNSIGNED NOT NULL AUTO_INCREMENT, AUTO_INCREMENT=8;

--
-- AUTO_INCREMENT cho bảng `banners`
--
ALTER TABLE `banners`
  MODIFY `id` int(10) UNSIGNED NOT NULL AUTO_INCREMENT, AUTO_INCREMENT=10;

--
-- AUTO_INCREMENT cho bảng `categories`
--
ALTER TABLE `categories`
  MODIFY `id` int(11) UNSIGNED NOT NULL AUTO_INCREMENT, AUTO_INCREMENT=12;

--
-- AUTO_INCREMENT cho bảng `migrations`
--
ALTER TABLE `migrations`
  MODIFY `id` int(10) UNSIGNED NOT NULL AUTO_INCREMENT, AUTO_INCREMENT=6;

--
-- AUTO_INCREMENT cho bảng `news`
--
ALTER TABLE `news`
  MODIFY `id` bigint(20) UNSIGNED NOT NULL AUTO_INCREMENT, AUTO_INCREMENT=63;

--
-- Các ràng buộc cho các bảng đã đổ
--

--
-- Các ràng buộc cho bảng `news`
--
ALTER TABLE `news`
  ADD CONSTRAINT `categoryid` FOREIGN KEY (`category_id`) REFERENCES `categories` (`id`);
COMMIT;

/*!40101 SET CHARACTER_SET_CLIENT=@OLD_CHARACTER_SET_CLIENT */;
/*!40101 SET CHARACTER_SET_RESULTS=@OLD_CHARACTER_SET_RESULTS */;
/*!40101 SET COLLATION_CONNECTION=@OLD_COLLATION_CONNECTION */;
